time,latitude,longitude,depth,mag,magType,nst,gap,dmin,rms,net,id,updated,place,type,horizontalError,depthError,magError,magNst,status,locationSource,magSource
2024-11-13T10:20:35.465Z,13.8815,145.768,76.518,4.6,mb,30,140,0.921,0.81,us,us7000nrir,2024-11-13T10:54:34.608Z,"102 km ENE of Yigo Village, Guam",earthquake,5.93,8.814,0.109,25,reviewed,us,us
2024-11-13T09:07:03.162Z,60.9448,-147.3606,16.2,4.5,ml,,,,0.56,ak,ak024em2arnr,2024-11-13T14:59:19.744Z,"38 km WNW of Tatitlek, Alaska",earthquake,,0.2,,,reviewed,ak,ak
2024-11-13T05:21:50.863Z,-22.4052,170.9887,10,4.8,mb,28,200,3.282,0.87,us,us7000nrhs,2024-11-13T12:03:34.376Z,"southeast of the Loyalty Islands",earthquake,12.15,1.96,0.118,22,reviewed,us,us
2024-11-13T05:13:20.699Z,36.5438,71.1536,220.721,5.1,mb,55,62,2.218,0.65,us,us7000nrhn,2024-11-13T15:47:07.865Z,"37 km WSW of Ashkāsham, Afghanistan",earthquake,8.02,9.774,0.074,59,reviewed,us,us
2024-11-13T01:41:08.045Z,-8.2451,107.868,81.655,4.8,mb,45,80,0.807,0.76,us,us7000nrgq,2024-11-13T15:51:04.027Z,"102 km SSW of Singaparna, Indonesia",earthquake,6.98,5.568,0.089,42,reviewed,us,us
2024-11-13T01:29:31.011Z,-58.7095,-24.8565,19.525,5.1,mb,69,51,19.257,0.57,us,us7000nrgn,2024-11-13T05:51:05.040Z,"South Sandwich Islands region",earthquake,12.02,3.797,0.065,78,reviewed,us,us
2024-11-13T00:18:23.014Z,16.2346,-98.4411,12.648,5,mww,40,180,1.326,0.75,us,us7000nrgf,2024-11-13T15:48:35.650Z,"11 km S of Santiago Tepextla, Mexico",earthquake,10.04,3.809,0.059,28,reviewed,us,us
2024-11-13T00:07:36.477Z,53.1188,159.4094,65.189,4.5,mb,31,136,0.468,0.82,us,us7000nrge,2024-11-13T00:34:31.040Z,"52 km E of Petropavlovsk-Kamchatsky, Russia",earthquake,12.88,8.514,0.106,26,reviewed,us,us
2024-11-12T16:08:42.542Z,-1.3285,-13.2199,10,5.5,mb,114,64,11.524,0.53,us,us7000nrcp,2024-11-12T18:10:38.939Z,"north of Ascension Island",earthquake,6.04,1.812,0.049,147,reviewed,us,us
2024-11-12T14:31:59.659Z,-4.5205,152.4422,89.123,5.3,mww,126,62,0.429,0.76,us,us7000nrci,2024-11-12T14:56:49.850Z,"27 km SE of Kokopo, Papua New Guinea",earthquake,7.91,5.007,0.098,10,reviewed,us,us
2024-11-12T13:48:50.344Z,36.3155,141.2801,38.636,4.5,mb,58,137,2.487,0.53,us,us7000nrcd,2024-11-12T17:19:14.040Z,"62 km E of Ōarai, Japan",earthquake,9.05,7.721,0.079,50,reviewed,us,us
2024-11-12T09:24:26.883Z,0.5833,126.1828,17.81,5.2,mww,81,46,1.198,1.1,us,us7000nrbx,2024-11-12T09:39:46.040Z,"135 km W of Ternate, Indonesia",earthquake,6.71,4.353,0.086,13,reviewed,us,us
2024-11-12T06:26:32.196Z,-3.2155,123.4697,10.169,4.6,mb,31,89,2.269,0.72,us,us7000nrbp,2024-11-12T08:07:35.040Z,"135 km NE of Kendari, Indonesia",earthquake,3.95,5.13,0.128,18,reviewed,us,us
2024-11-12T05:59:44.532Z,-3.2606,123.3996,10,4.7,mb,31,68,2.291,0.72,us,us7000nrbk,2024-11-12T08:04:06.040Z,"126 km NE of Kendari, Indonesia",earthquake,3.27,1.897,0.127,19,reviewed,us,us
2024-11-11T23:56:24.328Z,55.7619,165.4283,10,4.9,mb,86,100,4.818,1.08,us,us7000nra5,2024-11-12T00:21:35.040Z,"191 km ESE of Ust’-Kamchatsk Staryy, Russia",earthquake,10.15,1.877,0.057,97,reviewed,us,us
2024-11-11T22:10:09.065Z,-20.4843,-177.7471,419.481,4.9,mb,103,82,4.816,0.76,us,us7000nr9k,2024-11-11T22:28:42.040Z,"265 km WNW of Houma, Tonga",earthquake,10.27,7.932,0.037,228,reviewed,us,us
2024-11-11T20:21:30.740Z,46.5685,153.8232,53.992,4.5,mb,45,138,7.175,0.67,us,us7000nr96,2024-11-11T20:53:09.040Z,"Kuril Islands",earthquake,12.52,8.254,0.083,43,reviewed,us,us
2024-11-11T13:35:30.742Z,-5.3993,125.8108,509.604,5,mb,127,26,4.17,0.92,us,us7000nr5i,2024-11-12T17:04:05.040Z,"Banda Sea",earthquake,9.57,5.944,0.043,179,reviewed,us,us
2024-11-11T11:50:57.399Z,30.8043,139.8547,187.988,4.9,mb,57,96,2.304,1.08,us,us7000nr5b,2024-11-11T12:32:37.040Z,"Izu Islands, Japan region",earthquake,8.83,7.206,0.059,90,reviewed,us,us
2024-11-11T10:16:58.633Z,20.2122,145.7557,41.918,5.6,mww,87,79,4.951,1.21,us,us7000nr4w,2024-11-12T10:19:15.587Z,"Maug Islands region, Northern Mariana Islands",earthquake,9.21,6.712,0.06,27,reviewed,us,us
2024-11-11T10:08:21.798Z,-4.9163,132.0383,24.08,4.9,mb,75,52,1.995,1.01,us,us7000nr4u,2024-11-11T10:41:44.040Z,"111 km NW of Tual, Indonesia",earthquake,6.73,3.845,0.097,57,reviewed,us,us
2024-11-11T07:14:57.929Z,-21.2294,-173.9119,10,5,mb,63,116,4.313,0.66,us,us7000nr49,2024-11-11T08:05:11.040Z,"109 km E of ‘Ohonua, Tonga",earthquake,10.01,1.862,0.073,59,reviewed,us,us
2024-11-11T05:06:27.145Z,-17.8176,167.9767,35,4.6,mb,16,201,4.422,0.55,us,us7000nr3r,2024-11-12T02:37:42.904Z,"36 km WSW of Port-Vila, Vanuatu",earthquake,13.54,1.924,0.151,13,reviewed,us,us
2024-11-11T04:02:55.746Z,-15.0663,-173.1794,10,5,mb,36,120,1.776,0.34,us,us7000nr3j,2024-11-12T06:26:31.040Z,"118 km NE of Hihifo, Tonga",earthquake,12.49,1.928,0.052,115,reviewed,us,us
2024-11-11T02:34:08.050Z,-14.8408,167.2613,123.788,4.7,mb,27,146,6.347,0.49,us,us7000nr37,2024-11-12T04:44:02.040Z,"30 km NE of Port-Olry, Vanuatu",earthquake,15.54,7.477,0.12,21,reviewed,us,us
2024-11-11T01:12:39.191Z,-6.9712,129.6563,127.087,4.9,mb,73,48,2.445,0.67,us,us7000nr2z,2024-11-12T04:20:55.040Z,"Banda Sea",earthquake,8.71,5.746,0.064,79,reviewed,us,us
2024-11-10T22:35:12.752Z,-4.9359,132.0684,10,5,mb,32,133,2.011,1.15,us,us7000nr2k,2024-11-10T22:46:40.040Z,"107 km NW of Tual, Indonesia",earthquake,3.68,1.874,0.115,24,reviewed,us,us
2024-11-10T22:10:04.756Z,-29.779,-69.4465,109.285,4.9,mb,70,40,0.596,0.99,us,us7000nr2d,2024-11-10T22:26:00.040Z,"84 km NW of San José de Jáchal, Argentina",earthquake,5.7,6.2,0.053,115,reviewed,us,us
2024-11-10T21:29:00.257Z,-4.9391,132.0305,10,4.9,mb,62,63,2.018,0.63,us,us7000nr2a,2024-11-10T22:15:47.040Z,"110 km NW of Tual, Indonesia",earthquake,6.79,1.813,0.071,62,reviewed,us,us
2024-11-10T20:55:16.326Z,48.9638,153.4229,151.442,4.5,mb,73,137,4.949,0.59,us,us7000nr26,2024-11-10T21:12:55.040Z,"272 km SW of Severo-Kuril’sk, Russia",earthquake,10.64,7.538,0.057,89,reviewed,us,us
2024-11-10T18:45:37.901Z,19.7783,-77.1332,15.315,4.6,mb,49,83,0.704,0.75,us,us7000nr1g,2024-11-11T20:43:11.302Z,"47 km SSW of Bartolomé Masó, Cuba",earthquake,4.49,4.681,0.066,69,reviewed,us,us
2024-11-10T17:53:19.081Z,-19.1,169.5187,286.66,4.6,mb,44,118,3.996,0.84,us,us7000nr10,2024-11-10T18:10:31.040Z,"54 km NNE of Isangel, Vanuatu",earthquake,11.85,8.203,0.056,95,reviewed,us,us
2024-11-10T17:23:31.685Z,-24.3444,-69.3494,95.902,4.5,mb,28,94,0.843,1.17,us,us7000nr0y,2024-11-10T17:43:22.040Z,"131 km SE of Antofagasta, Chile",earthquake,4.67,6.51,0.14,15,reviewed,us,us
2024-11-10T16:49:50.382Z,19.8116,-77.0391,14,6.8,mww,87,25,0.61,0.89,us,us7000nr0v,2024-11-12T17:57:41.802Z,"40 km SSW of Bartolomé Masó, Cuba",earthquake,2.61,1.655,0.032,94,reviewed,us,us
2024-11-10T16:28:29.547Z,-19.5596,-175.5929,217.958,4.6,mb,32,102,5.372,1.17,us,us7000nr0q,2024-11-10T16:42:56.040Z,"132 km WNW of Pangai, Tonga",earthquake,12.5,9.026,0.092,35,reviewed,us,us
2024-11-10T15:50:02.566Z,19.8523,-76.8901,14.219,5.9,mww,64,58,0.464,0.82,us,us7000nr0n,2024-11-13T10:33:18.215Z,"35 km S of Bartolomé Masó, Cuba",earthquake,3.94,5.292,0.048,41,reviewed,us,us
2024-11-10T15:46:59.031Z,-30.4474,-177.8097,36.161,5.2,mb,40,113,1.185,1.1,us,us7000nr0k,2024-11-10T16:06:43.040Z,"Kermadec Islands, New Zealand",earthquake,9.4,7.437,0.082,49,reviewed,us,us
2024-11-10T14:57:45.963Z,25.7293,143.1985,43.975,4.7,mb,27,196,1.637,0.86,us,us7000nr0g,2024-11-10T15:17:19.040Z,"Volcano Islands, Japan region",earthquake,14.33,6.858,0.101,30,reviewed,us,us
2024-11-10T09:43:23.356Z,-20.7634,-178.5388,590.905,4.9,mb,77,47,4.402,0.75,us,us7000nqzm,2024-11-10T10:00:02.040Z,"Fiji region",earthquake,12.17,8.344,0.03,352,reviewed,us,us
2024-11-10T08:27:01.372Z,-16.0484,-172.1996,10,4.9,mb,35,89,2.165,1.18,us,us7000nqz1,2024-11-10T09:10:57.040Z,"171 km E of Hihifo, Tonga",earthquake,8.93,1.856,0.114,24,reviewed,us,us
2024-11-10T05:13:22.823Z,25.6555,142.824,10,4.9,mb,60,121,1.545,1.03,us,us7000nqy6,2024-11-10T05:39:45.040Z,"Volcano Islands, Japan region",earthquake,10.29,1.892,0.06,93,reviewed,us,us
2024-11-10T00:48:32.393Z,-22.5316,-174.7861,10,4.7,mb,22,157,1.41,0.64,us,us7000nqxm,2024-11-11T04:52:50.873Z,"132 km S of ‘Ohonua, Tonga",earthquake,19.05,1.935,0.142,15,reviewed,us,us
2024-11-09T21:20:41.874Z,-4.7705,137.7972,15.891,4.9,mb,47,64,3.665,0.43,us,us7000nqx9,2024-11-11T04:00:42.040Z,"93 km NNW of Agats, Indonesia",earthquake,8.89,4.454,0.069,65,reviewed,us,us
2024-11-09T20:37:51.040Z,45.3885,98.7827,10,5,mb,65,46,5.786,0.57,us,us7000nqx5,2024-11-10T14:55:16.865Z,"175 km WSW of Bayanhongor, Mongolia",earthquake,9.57,1.873,0.046,152,reviewed,us,us
2024-11-09T19:30:18.770Z,7.4968,-82.3955,10,5.8,mww,83,135,1.945,0.69,us,us7000nqwx,2024-11-11T12:22:12.898Z,"79 km SE of Burica, Panama",earthquake,6.91,1.87,0.044,50,reviewed,us,us
2024-11-09T19:17:07.885Z,-24.2568,178.8975,536.904,4.7,mb,62,72,5.739,0.93,us,us7000nqwt,2024-11-09T19:34:58.040Z,"south of the Fiji Islands",earthquake,11.21,8.196,0.043,162,reviewed,us,us
2024-11-09T19:08:50.647Z,-8.0523,162.6312,10,4.9,mb,42,106,2.989,0.85,us,us7000nqws,2024-11-09T21:52:14.040Z,"227 km ENE of Auki, Solomon Islands",earthquake,11.06,1.861,0.054,110,reviewed,us,us
2024-11-09T18:48:57.404Z,56.3628,-34.0215,10,4.7,mb,127,67,8.798,0.67,us,us7000nqwr,2024-11-09T19:43:48.040Z,"Reykjanes Ridge",earthquake,8.9,1.839,0.04,193,reviewed,us,us
2024-11-09T15:52:15.204Z,31.081,131.3899,44.434,4.5,mb,80,104,0.909,1.07,us,us7000nqwe,2024-11-09T16:21:14.040Z,"47 km SSE of Kushima, Japan",earthquake,5.55,5.404,0.073,61,reviewed,us,us
2024-11-09T15:17:53.819Z,25.6202,142.3968,58.273,4.9,mb,102,101,1.482,0.71,us,us7000nqwb,2024-11-09T15:54:28.040Z,"Volcano Islands, Japan region",earthquake,10.06,6.801,0.054,109,reviewed,us,us
2024-11-09T14:47:24.211Z,25.2691,142.7583,52.863,4.7,mb,33,123,1.891,0.82,us,us7000nqw9,2024-11-09T15:08:22.040Z,"Volcano Islands, Japan region",earthquake,13.36,7.259,0.063,75,reviewed,us,us
2024-11-09T14:13:16.496Z,-30.2437,-177.0195,10,4.6,mb,22,139,1.253,0.45,us,us7000nqw4,2024-11-09T14:29:49.040Z,"Kermadec Islands, New Zealand",earthquake,13.49,1.923,0.123,20,reviewed,us,us
2024-11-09T13:45:33.091Z,-25.6414,-13.8292,10,5.1,mb,47,69,26.223,0.56,us,us7000nqw0,2024-11-09T14:02:29.040Z,"southern Mid-Atlantic Ridge",earthquake,8.88,1.884,0.082,49,reviewed,us,us
2024-11-09T11:04:02.567Z,7.6037,-82.485,10,4.5,mb,50,141,1.812,0.58,us,us7000nqvb,2024-11-10T05:48:02.040Z,"63 km SE of Burica, Panama",earthquake,7.69,1.92,0.094,33,reviewed,us,us
2024-11-09T10:15:46.730Z,19.6238,-65.3376,74,4.68,md,29,223,1.3247,0.36,pr,pr2024314000,2024-11-10T22:30:30.936Z,"142 km NNE of Vieques, Puerto Rico",earthquake,3.01,8.109,0.08,26,reviewed,pr,pr
2024-11-09T10:03:40.677Z,7.4811,-82.4229,10,5.6,mww,71,144,1.948,0.76,us,us7000nqv1,2024-11-11T14:02:31.040Z,"78 km SE of Burica, Panama",earthquake,7.79,1.882,0.044,49,reviewed,us,us
2024-11-09T08:22:20.177Z,-19.786,-175.3375,219.192,4.7,mb,27,101,5.154,0.99,us,us7000nquv,2024-11-09T08:38:15.040Z,"103 km W of Pangai, Tonga",earthquake,14.66,13.688,0.117,22,reviewed,us,us
2024-11-09T07:57:08.635Z,-0.9121,134.4599,59.375,4.6,mb,29,77,2.976,0.51,us,us7000nqur,2024-11-09T08:16:19.040Z,"44 km E of Manokwari, Indonesia",earthquake,8.61,7.791,0.103,28,reviewed,us,us
2024-11-09T05:00:39.929Z,32.308,142.4566,10,5,mb,69,98,2.369,0.8,us,us7000nquf,2024-11-09T05:24:59.040Z,"Izu Islands, Japan region",earthquake,7.91,1.854,0.041,196,reviewed,us,us
2024-11-09T02:53:37.947Z,1.0803,121.1367,53.481,4.9,mb,59,63,0.356,1.34,us,us7000nqtx,2024-11-09T03:12:39.040Z,"222 km WNW of Gorontalo, Indonesia",earthquake,4.84,5.936,0.076,57,reviewed,us,us
2024-11-09T01:12:44.321Z,10.1447,125.9884,81.618,4.6,mb,51,100,3.082,0.74,us,us7000nqtc,2024-11-09T01:38:38.040Z,"14 km NNW of Santa Monica, Philippines",earthquake,6.44,7.058,0.075,55,reviewed,us,us
2024-11-08T23:26:33.722Z,25.5116,143.1014,13.697,4.9,mb,43,127,1.779,1.17,us,us7000nqsv,2024-11-08T23:41:56.040Z,"Volcano Islands, Japan region",earthquake,8.1,4.556,0.09,39,reviewed,us,us
2024-11-08T20:06:05.003Z,65.3972,-134.5748,8.052,4.9,mww,263,13,1.563,0.59,us,us7000nqqx,2024-11-09T20:10:19.559Z,"275 km ENE of Dawson City, Canada",earthquake,4.58,3.648,0.075,17,reviewed,us,us
2024-11-08T19:58:45.587Z,52.9089,160.4905,47.414,4.6,mb,81,131,1.119,0.72,us,us7000nqqv,2024-11-08T20:36:54.040Z,"126 km E of Petropavlovsk-Kamchatsky, Russia",earthquake,10.22,5.546,0.06,89,reviewed,us,us
2024-11-08T18:36:50.657Z,25.0682,142.7603,25.859,4.6,mb,94,124,2.084,0.68,us,us7000nqqp,2024-11-08T22:28:12.040Z,"Volcano Islands, Japan region",earthquake,8.54,5.664,0.066,76,reviewed,us,us
2024-11-08T16:31:01.912Z,1.0959,94.396,42.881,4.6,mb,18,217,4.831,0.28,us,us7000nqn9,2024-11-08T17:17:57.040Z,"268 km SW of Sinabang, Indonesia",earthquake,10.14,6.968,0.157,13,reviewed,us,us
2024-11-08T16:23:58.155Z,-25.192,179.9105,512.241,4.5,mb,36,96,4.472,0.9,us,us7000nqmb,2024-11-08T16:37:44.040Z,"south of the Fiji Islands",earthquake,11.55,8.463,0.069,62,reviewed,us,us
2024-11-08T16:17:24.936Z,-25.1464,178.6394,577.205,4.6,mb,31,118,5.099,0.58,us,us7000nqm9,2024-11-08T16:41:21.040Z,"south of the Fiji Islands",earthquake,14.98,12.832,0.103,28,reviewed,us,us
2024-11-08T15:15:12.036Z,-28.7234,-71.5073,38.344,4.6,mb,30,99,0.643,1.08,us,us7000nqly,2024-11-08T15:29:30.040Z,"74 km WSW of Vallenar, Chile",earthquake,5.16,8.467,0.122,21,reviewed,us,us
2024-11-08T14:50:47.698Z,51.3755,-176.6414,35,4.8,mb,40,174,0.574,0.95,us,us7000nqlu,2024-11-08T18:07:21.259Z,"55 km S of Adak, Alaska",earthquake,5.88,1.945,0.035,247,reviewed,us,us
2024-11-08T14:04:01.165Z,38.5367,39.701,10,4.7,mb,41,85,1.202,0.78,us,us7000nqls,2024-11-08T14:51:35.685Z,"24 km SW of Kovancılar, Turkey",earthquake,4.17,1.459,0.11,25,reviewed,us,us
2024-11-08T11:37:57.944Z,-46.786,-76.1693,10,6.2,mww,48,195,2.471,1.06,us,us7000nql2,2024-11-09T11:44:48.478Z,"278 km WNW of Cochrane, Chile",earthquake,7.94,1.928,0.038,68,reviewed,us,us
2024-11-08T10:37:42.503Z,-1.4882,-77.4947,195.917,5.1,mww,60,64,0.53,1.12,us,us7000nqkx,2024-11-08T16:30:27.208Z,"56 km E of Puyo, Ecuador",earthquake,8.01,7.399,0.065,23,reviewed,us,us
2024-11-08T08:01:20.849Z,-4.6946,128.3521,266.72,4.5,mb,24,60,1.557,0.27,us,us7000nqkj,2024-11-08T08:25:17.040Z,"112 km S of Ambon, Indonesia",earthquake,6.98,9.305,0.135,16,reviewed,us,us
2024-11-08T07:25:16.355Z,51.3018,-178.4836,45.599,4.7,mb,49,138,0.326,0.85,us,us7000nqkc,2024-11-08T08:26:18.898Z,"143 km WSW of Adak, Alaska",earthquake,4.27,6.675,0.037,226,reviewed,us,us
2024-11-08T05:00:54.909Z,29.9346,92.3024,10,4.6,mb,42,103,6.516,0.58,us,us7000nqjm,2024-11-08T06:36:09.040Z,"120 km ENE of Lhasa, China",earthquake,10.17,1.873,0.098,31,reviewed,us,us
2024-11-08T02:53:22.940Z,-41.4541,-84.6349,10,5,mb,31,138,9.055,0.86,us,us7000nqj9,2024-11-08T03:19:04.040Z,"West Chile Rise",earthquake,13.46,1.894,0.049,132,reviewed,us,us
2024-11-08T01:17:19.591Z,25.5174,142.6689,22.218,4.6,mb,54,130,1.631,0.54,us,us7000nqj5,2024-11-08T01:39:31.040Z,"Volcano Islands, Japan region",earthquake,13.3,5.702,0.064,73,reviewed,us,us
2024-11-07T21:43:58.242Z,25.425,142.6876,10,4.6,mb,33,132,1.724,0.93,us,us7000nqi9,2024-11-07T22:41:22.040Z,"Volcano Islands, Japan region",earthquake,11.48,1.921,0.109,25,reviewed,us,us
2024-11-07T20:23:10.113Z,25.5101,142.7492,10,4.6,mb,51,123,1.658,0.65,us,us7000nqhg,2024-11-07T21:41:42.040Z,"Volcano Islands, Japan region",earthquake,11.73,1.9,0.081,45,reviewed,us,us
2024-11-07T20:11:24.533Z,25.4807,142.6476,10,4.8,mb,85,98,1.661,0.44,us,us7000nqhf,2024-11-07T21:34:29.040Z,"Volcano Islands, Japan region",earthquake,10.62,1.878,0.045,156,reviewed,us,us
2024-11-07T20:07:06.214Z,25.2754,142.6811,10,4.7,mb,70,112,1.867,0.78,us,us7000nqhd,2024-11-07T21:15:40.040Z,"Volcano Islands, Japan region",earthquake,10.94,1.901,0.074,55,reviewed,us,us
2024-11-07T20:06:29.105Z,25.2908,142.6431,10,4.5,mb,41,146,1.844,0.49,us,us7000nqhs,2024-11-07T21:24:10.040Z,"Volcano Islands, Japan region",earthquake,12.04,1.93,0.095,32,reviewed,us,us
2024-11-07T19:53:54.277Z,25.4663,142.6729,10,5.2,mww,86,116,1.681,0.74,us,us7000nqha,2024-11-07T20:14:51.040Z,"Volcano Islands, Japan region",earthquake,9.58,1.872,0.068,21,reviewed,us,us
2024-11-07T19:12:30.536Z,25.4702,142.8763,10,4.7,mb,72,66,1.734,0.67,us,us7000nqh5,2024-11-07T19:40:31.040Z,"Volcano Islands, Japan region",earthquake,9.46,1.882,0.06,84,reviewed,us,us
2024-11-07T17:07:14.271Z,-5.724,154.336,130.942,4.5,mb,30,96,2.646,0.71,us,us7000nqgq,2024-11-07T17:44:32.040Z,"143 km WNW of Panguna, Papua New Guinea",earthquake,10.79,7.882,0.113,23,reviewed,us,us
2024-11-07T16:42:04.957Z,-5.7029,154.4274,91.464,5.2,mww,54,100,2.71,0.77,us,us7000nqfp,2024-11-07T17:03:18.040Z,"135 km WNW of Panguna, Papua New Guinea",earthquake,7.36,6.862,0.071,19,reviewed,us,us
2024-11-07T15:54:10.882Z,25.5181,142.671,37.757,4.7,mb,40,143,1.631,0.52,us,us7000nqec,2024-11-07T16:25:19.040Z,"Volcano Islands, Japan region",earthquake,9.56,7.066,0.097,32,reviewed,us,us
2024-11-07T14:56:57.938Z,-24.3071,-67.9645,110.798,4.8,mb,51,56,1.363,0.9,us,us7000nqea,2024-11-07T15:11:32.040Z,"156 km S of San Pedro de Atacama, Chile",earthquake,3.75,7.351,0.037,222,reviewed,us,us
2024-11-07T12:05:20.563Z,25.6363,142.4165,29.645,4.7,mb,46,129,1.468,0.8,us,us7000nqe1,2024-11-07T13:46:23.040Z,"Volcano Islands, Japan region",earthquake,12.03,5.931,0.094,34,reviewed,us,us
2024-11-07T09:07:51.634Z,29.2849,130.6395,35,4.9,mb,48,69,2.223,0.94,us,us7000nqdq,2024-11-07T09:39:56.040Z,"105 km S of Koshima, Japan",earthquake,7.36,1.919,0.088,41,reviewed,us,us
2024-11-07T09:00:05.104Z,-56.2107,-27.275,102.654,5.1,mb,46,67,5.612,0.53,us,us7000nqdi,2024-11-07T09:19:45.040Z,"South Sandwich Islands region",earthquake,7.93,6.901,0.079,52,reviewed,us,us
2024-11-07T06:24:38.456Z,-14.757,-75.1545,54.789,5,mb,62,120,3.205,0.8,us,us7000nqcy,2024-11-08T19:41:21.029Z,"12 km SE of Changuillo, Peru",earthquake,8.99,7.342,0.037,236,reviewed,us,us
2024-11-07T04:31:33.207Z,-42.2511,74.8589,10,5.4,mww,96,18,4.911,0.54,us,us7000nqcc,2024-11-11T03:48:00.957Z,"Mid-Indian Ridge",earthquake,9.67,1.727,0.066,22,reviewed,us,us
2024-11-07T02:12:34.367Z,25.4828,142.6825,10,5,mb,56,65,1.667,0.8,us,us7000nqc3,2024-11-11T02:55:49.040Z,"Volcano Islands, Japan region",earthquake,11.06,1.861,0.07,65,reviewed,us,us
2024-11-07T01:55:31.364Z,-30.3078,-177.1614,10,5.5,mb,82,48,1.233,0.48,us,us7000nqc0,2024-11-11T00:36:56.998Z,"Kermadec Islands, New Zealand",earthquake,9.73,1.753,0.035,277,reviewed,us,us
2024-11-07T01:11:47.174Z,25.484,142.8226,10.274,5.2,mww,88,50,1.704,0.47,us,us7000nqby,2024-11-11T00:19:21.040Z,"Volcano Islands, Japan region",earthquake,9.32,3.658,0.075,17,reviewed,us,us
2024-11-06T22:55:04.063Z,25.4621,142.8479,8,5.8,mww,185,23,1.732,0.61,us,us7000nqb9,2024-11-07T23:00:14.451Z,"Volcano Islands, Japan region",earthquake,8.09,1.751,0.056,31,reviewed,us,us
2024-11-06T20:19:56.366Z,29.8251,92.1809,10,4.7,mb,78,44,6.383,0.68,us,us7000nqak,2024-11-06T21:19:46.040Z,"106 km E of Lhasa, China",earthquake,8.13,1.86,0.07,63,reviewed,us,us
2024-11-06T18:06:18.460Z,-7.4485,129.0443,129.956,4.5,mb,30,107,3.03,0.54,us,us7000nqa7,2024-11-06T20:11:14.040Z,"254 km ENE of Lospalos, Timor Leste",earthquake,9.75,7.347,0.118,21,reviewed,us,us
2024-11-06T17:19:36.448Z,23.5462,121.6662,10,5,mwr,74,58,0.904,1.11,us,us7000nqa4,2024-11-07T14:07:24.755Z,"48 km S of Hualien City, Taiwan",earthquake,3.77,1.855,0.068,21,reviewed,us,us
2024-11-06T15:55:08.401Z,-18.0569,-177.8409,434.209,5.9,mww,126,32,3.093,0.9,us,us7000nq9w,2024-11-10T23:58:53.162Z,"Fiji region",earthquake,9.28,5.104,0.054,33,reviewed,us,us
2024-11-06T15:38:47.574Z,-20.8572,-178.643,588.093,5.1,mb,140,28,4.396,0.71,us,us7000nq9t,2024-11-10T23:41:13.040Z,"Fiji region",earthquake,10.29,5.955,0.026,488,reviewed,us,us
2024-11-06T15:27:45.086Z,-11.9576,166.1371,10,4.7,mb,32,186,6.578,0.87,us,us7000nq9s,2024-11-10T23:34:10.040Z,"141 km SSE of Lata, Solomon Islands",earthquake,7.02,1.926,0.11,25,reviewed,us,us
2024-11-06T15:19:34.262Z,-33.6041,-177.6811,35,4.6,mb,22,215,4.334,0.99,us,us7000nq9q,2024-11-10T23:14:44.040Z,"south of the Kermadec Islands",earthquake,6.41,2.011,0.141,15,reviewed,us,us
2024-11-06T14:36:23.490Z,-4.7902,153.302,52.155,5.9,mww,208,20,1.281,0.57,us,us7000nq9e,2024-11-07T14:38:43.103Z,"124 km ESE of Kokopo, Papua New Guinea",earthquake,6.23,4.471,0.043,51,reviewed,us,us
2024-11-06T09:14:52.589Z,-3.3545,139.8406,94.045,4.6,mb,17,105,1.199,0.45,us,us7000nq8q,2024-11-06T10:10:04.040Z,"121 km SW of Abepura, Indonesia",earthquake,10.17,9.677,0.141,15,reviewed,us,us
2024-11-06T07:01:19.595Z,-21.3652,-68.6776,117.841,5,mb,48,43,0.678,1,us,us7000nq7d,2024-11-07T14:42:24.808Z,"46 km WSW of Ollagüe, Chile",earthquake,2.88,5.951,0.065,76,reviewed,us,us
2024-11-05T19:39:41.219Z,-12.9349,-75.1973,79.395,5.7,mww,119,59,1.862,0.85,us,us7000nq3d,2024-11-08T23:51:11.478Z,"14 km NNW of Santa Ana, Peru",earthquake,7.62,6.353,0.049,40,reviewed,us,us
2024-11-05T18:08:27.112Z,24.0815,121.8759,37.306,4.6,mb,30,66,0.742,0.75,us,us7000nq32,2024-11-06T17:43:10.505Z,"29 km ENE of Hualien City, Taiwan",earthquake,4.01,7.874,0.141,15,reviewed,us,us
2024-11-05T11:42:32.230Z,19.16,-155.51183333333,38.35,4.75,ml,60,112,0.04722,0.11,hv,hv74522742,2024-11-11T03:40:46.962Z,"5 km SW of Pāhala, Hawaii",earthquake,0.42,0.44,0.183679842231,44,reviewed,hv,hv
2024-11-05T10:06:02.413Z,49.4193,147.1684,576.681,5.3,mb,104,82,3.841,0.61,us,us7000nq1g,2024-11-05T10:22:17.040Z,"296 km E of Poronaysk, Russia",earthquake,9.34,8.005,0.026,502,reviewed,us,us
2024-11-05T09:27:45.439Z,38.784,70.2761,10,4.7,mb,38,65,0.884,0.62,us,us7000nq0j,2024-11-05T13:29:05.040Z,"27 km SSE of Novobod, Tajikistan",earthquake,4.65,1.921,0.126,19,reviewed,us,us
2024-11-05T09:03:02.996Z,38.5183,70.5238,10,4.7,mb,27,144,0.987,0.72,us,us7000nq0i,2024-11-05T13:31:43.092Z,"58 km SSE of Rasht, Tajikistan",earthquake,7.69,1.942,0.104,28,reviewed,us,us
2024-11-05T03:14:07.421Z,5.2975,-77.4477,39.391,5,mww,57,57,2.105,0.56,us,us7000npzi,2024-11-05T17:45:30.105Z,"39 km NNW of Pizarro, Colombia",earthquake,8.06,2.535,0.073,18,reviewed,us,us
2024-11-05T01:48:48.283Z,16.2706,122.229,35,4.7,mb,56,132,7.153,0.65,us,us7000npz9,2024-11-05T11:54:11.030Z,"49 km SE of Minuri, Philippines",earthquake,8.88,1.854,0.083,44,reviewed,us,us
2024-11-05T00:31:12.632Z,-20.116,-173.9599,10,5,mb,52,61,1.567,0.88,us,us7000npz0,2024-11-05T00:49:19.040Z,"53 km SE of Pangai, Tonga",earthquake,10.45,1.867,0.062,83,reviewed,us,us
2024-11-04T20:46:24.759Z,25.434,142.5729,10,4.7,mb,57,120,1.691,0.56,us,us7000npxd,2024-11-04T21:10:40.040Z,"Volcano Islands, Japan region",earthquake,10.47,1.89,0.08,48,reviewed,us,us
2024-11-04T17:51:03.866Z,-12.3355,166.7681,248.19,4.5,mb,45,68,8.508,0.48,us,us7000npwt,2024-11-04T18:07:52.040Z,"190 km NNW of Sola, Vanuatu",earthquake,12.77,8.181,0.076,51,reviewed,us,us
2024-11-04T15:10:56.088Z,35.5317,140.0284,70.646,4.6,mb,57,122,1.786,0.74,us,us7000npv8,2024-11-05T06:06:35.535Z,"5 km WNW of Ichihara, Japan",earthquake,6.53,7.003,0.087,39,reviewed,us,us
2024-11-04T15:03:53.104Z,-17.5119,-69.2447,159.209,4.5,mb,71,68,0.237,0.79,us,us7000npv7,2024-11-04T16:56:05.040Z,"81 km ENE of Palca, Peru",earthquake,7.67,5.566,0.076,50,reviewed,us,us
2024-11-04T12:49:15.878Z,-20.3254,-177.55,501.088,4.6,mb,48,100,4.816,0.7,us,us7000npuw,2024-11-05T06:40:28.040Z,"252 km WNW of Houma, Tonga",earthquake,13.22,7.937,0.075,53,reviewed,us,us
2024-11-04T08:32:26.967Z,8.0326,126.3166,10,4.9,mb,71,87,1.204,0.69,us,us7000nptx,2024-11-04T09:01:09.876Z,"10 km W of Lingig, Philippines",earthquake,8.12,1.868,0.052,119,reviewed,us,us
2024-11-04T07:57:21.349Z,56.3918,-34.0674,10,4.9,mb,90,67,8.76,0.5,us,us7000npts,2024-11-04T08:20:05.040Z,"Reykjanes Ridge",earthquake,7.89,1.821,0.037,230,reviewed,us,us
2024-11-04T03:26:05.146Z,-8.917,110.2288,103.318,4.5,mb,17,133,1.868,0.6,us,us7000npsx,2024-11-04T04:13:43.040Z,"107 km S of Bambanglipuro, Indonesia",earthquake,8.24,9.549,0.205,7,reviewed,us,us
2024-11-03T21:18:40.134Z,-19.0011,-66.918,257.722,4.7,mb,75,43,2.249,1.07,us,us7000nprz,2024-11-03T21:35:02.040Z,"19 km SW of Challapata, Bolivia",earthquake,7.73,7.159,0.033,273,reviewed,us,us
2024-11-03T19:48:44.259Z,-53.8662,2.802,10,4.9,mb,45,64,18.041,0.51,us,us7000nprm,2024-11-03T20:08:09.040Z,"Bouvet Island region",earthquake,7.76,1.746,0.086,42,reviewed,us,us
2024-11-03T19:20:49.880Z,25.4788,142.7637,10,4.7,mb,50,125,1.692,0.92,us,us7000npre,2024-11-03T19:47:50.040Z,"Volcano Islands, Japan region",earthquake,11.63,1.906,0.087,40,reviewed,us,us
2024-11-03T17:09:26.013Z,25.4153,142.4937,10,4.7,mb,45,141,1.696,0.48,us,us7000npqy,2024-11-03T17:30:56.040Z,"Volcano Islands, Japan region",earthquake,10.52,1.921,0.096,33,reviewed,us,us
2024-11-03T17:03:52.194Z,40.0979,23.2479,9,5.2,mww,107,24,0.582,0.56,us,us7000npqn,2024-11-05T13:54:43.158Z,"12 km SSW of Néa Poteídaia, Greece",earthquake,2.7,1.83,0.043,52,reviewed,us,us
2024-11-03T16:06:40.509Z,-3.415,145.8694,19.232,5,mb,32,73,5.236,0.83,us,us7000npqk,2024-11-03T16:21:50.040Z,"199 km N of Madang, Papua New Guinea",earthquake,9.99,4.973,0.094,36,reviewed,us,us
2024-11-03T15:34:55.690Z,25.4158,142.645,22.161,4.8,mb,34,121,1.723,0.59,us,us7000npqj,2024-11-03T16:24:37.040Z,"Volcano Islands, Japan region",earthquake,10.14,4.959,0.081,47,reviewed,us,us
2024-11-03T14:09:33.812Z,25.4729,142.5714,38.276,4.8,mb,35,130,1.653,0.57,us,us7000npqd,2024-11-03T14:32:36.040Z,"Volcano Islands, Japan region",earthquake,12.8,6.749,0.105,28,reviewed,us,us
2024-11-03T12:20:49.342Z,25.4098,142.5467,10,4.7,mb,59,111,1.71,0.82,us,us7000npq2,2024-11-03T13:23:54.040Z,"Volcano Islands, Japan region",earthquake,8.33,1.877,0.058,90,reviewed,us,us
2024-11-03T12:06:47.006Z,25.4573,142.5981,10,4.9,mb,69,90,1.673,1.04,us,us7000npq0,2024-11-03T13:02:39.040Z,"Volcano Islands, Japan region",earthquake,10.87,1.896,0.069,68,reviewed,us,us
2024-11-03T11:17:45.103Z,-21.5515,-178.8835,573.724,5,mb,53,97,4.762,0.76,us,us7000nppn,2024-11-03T11:33:07.040Z,"Fiji region",earthquake,12.47,8.88,0.089,40,reviewed,us,us
2024-11-03T10:56:48.534Z,51.4872,-175.6262,33,5.8,mww,121,70,0.533,0.62,us,us7000nppj,2024-11-13T11:07:00.413Z,"81 km ESE of Adak, Alaska",earthquake,4.21,1.882,0.068,21,reviewed,us,us
2024-11-03T07:57:27.764Z,-7.5123,126.7752,249.783,4.8,mb,48,51,4.302,0.64,us,us7000npp7,2024-11-03T08:15:02.040Z,"112 km NNE of Baukau, Timor Leste",earthquake,8.76,7.51,0.088,40,reviewed,us,us
2024-11-03T05:59:52.820Z,-5.4518,152.0393,50.122,4.9,mb,37,150,1.258,1.12,us,us7000npnr,2024-11-03T06:57:49.040Z,"125 km SSW of Kokopo, Papua New Guinea",earthquake,10.33,7.629,0.093,36,reviewed,us,us
2024-11-03T05:23:05.679Z,25.5322,128.8029,10,4.7,mb,39,73,1.383,0.49,us,us7000npng,2024-11-03T05:45:37.040Z,"128 km SE of Katsuren-haebaru, Japan",earthquake,5.8,1.876,0.112,24,reviewed,us,us
2024-11-03T04:04:04.620Z,-35.7026,-69.5173,189.089,5.4,mww,118,39,1.377,0.94,us,us7000npn0,2024-11-04T04:06:28.692Z,"129 km NNE of Barrancas, Argentina",earthquake,6.83,4.67,0.039,63,reviewed,us,us
2024-11-03T03:10:37.062Z,-26.4653,-11.3971,10,4.5,mb,23,77,26.183,0.96,us,us7000npmr,2024-11-05T22:13:38.040Z,"southern Mid-Atlantic Ridge",earthquake,13.51,1.894,0.122,21,reviewed,us,us
2024-11-03T01:46:11.557Z,35.2471,52.3587,35,4.6,mb,56,95,4.788,0.74,us,us7000npmi,2024-11-07T20:55:23.082Z,"4 km ENE of Īstgāh-e Rāh Āhan-e Garmsār, Iran",earthquake,8.56,1.918,0.068,65,reviewed,us,us
2024-11-03T01:28:29.555Z,-37.2505,177.4296,139.25,4.6,mb,32,49,0.764,0.88,us,us7000npmb,2024-11-03T01:49:49.040Z,"85 km N of Opotiki, New Zealand",earthquake,8.17,6.693,0.114,24,reviewed,us,us
2024-11-02T23:54:17.885Z,0.4725,126.6829,67.612,4.7,mb,38,54,0.745,0.82,us,us7000nply,2024-11-03T00:10:00.040Z,"85 km WSW of Ternate, Indonesia",earthquake,7.95,7.614,0.108,26,reviewed,us,us
2024-11-02T21:04:13.623Z,9.239,40.1035,10,4.7,mb,51,116,10.682,1.01,us,us7000npla,2024-11-03T07:57:46.770Z,"29 km NNW of Āwash, Ethiopia",earthquake,8.53,1.913,0.087,40,reviewed,us,us
2024-11-02T19:59:15.189Z,12.545,-87.9507,68.502,5.1,mww,87,142,0.92,1.11,us,us7000npl2,2024-11-02T21:25:05.881Z,"58 km WSW of Jiquilillo, Nicaragua",earthquake,5.39,5.856,0.049,40,reviewed,us,us
2024-11-02T19:28:58.609Z,25.4405,142.8273,10,4.9,mb,80,90,1.746,0.62,us,us7000npky,2024-11-02T19:52:15.040Z,"Volcano Islands, Japan region",earthquake,10.28,1.876,0.047,142,reviewed,us,us
2024-11-02T18:08:51.452Z,10.4571,-86.2296,10,4.6,mb,79,183,0.903,0.76,us,us7000npkh,2024-11-02T21:32:00.040Z,"45 km WNW of Tamarindo, Costa Rica",earthquake,5.49,1.936,0.061,83,reviewed,us,us
2024-11-02T17:18:04.504Z,-18.4405,-177.5472,551.23,4.5,mb,37,88,3.531,0.54,us,us7000npkd,2024-11-02T17:49:40.040Z,"Fiji region",earthquake,14.13,9.692,0.096,35,reviewed,us,us
2024-11-02T15:33:17.771Z,52.3777,-165.104,9.733,4.5,mb,146,83,1.695,0.43,us,us7000npjx,2024-11-02T16:28:39.040Z,"192 km SSE of Unalaska, Alaska",earthquake,5.34,3.817,0.04,192,reviewed,us,us
2024-11-02T10:19:42.455Z,-6.2562,103.6905,18.849,5.2,mb,69,61,2.02,0.88,us,us7000npiy,2024-11-02T10:53:02.022Z,"196 km WSW of Bandar Lampung, Indonesia",earthquake,7.75,4.374,0.065,79,reviewed,us,us
2024-11-02T08:33:41.320Z,-16.6769,-173.4622,63.464,4.6,mb,22,113,3.194,1.6,us,us7000npij,2024-11-03T05:39:59.040Z,"87 km SSE of Hihifo, Tonga",earthquake,10.36,8.071,0.146,14,reviewed,us,us
2024-11-02T07:42:14.530Z,-29.6606,-71.2425,68.275,5,mb,92,93,0.257,0.82,us,us7000npid,2024-11-03T04:30:39.469Z,"27 km N of La Serena, Chile",earthquake,5.07,3.493,0.031,323,reviewed,us,us
2024-11-02T06:27:32.595Z,21.227,121.029,16.672,5,mb,43,119,2.096,0.83,us,us7000nphz,2024-11-02T07:12:42.040Z,"90 km SSE of Hengchun, Taiwan",earthquake,9.68,5.68,0.068,68,reviewed,us,us
2024-11-02T05:50:52.276Z,41.5266,79.4209,10,4.7,mb,39,62,1.8,1.11,us,us7000nphu,2024-11-02T06:28:46.040Z,"81 km WNW of Aksu, China",earthquake,8.01,1.854,0.093,35,reviewed,us,us
2024-11-02T05:03:54.852Z,-17.9649,-178.4687,580.061,5.3,mb,89,41,2.54,1.05,us,us7000nphp,2024-11-05T08:09:55.040Z,"234 km E of Levuka, Fiji",earthquake,11.06,8.381,0.037,239,reviewed,us,us
2024-11-01T23:00:03.845Z,7.39,126.2387,10,4.5,mb,36,114,0.728,1.23,us,us7000npgq,2024-11-02T01:14:25.802Z,"26 km SSE of Bantacan, Philippines",earthquake,6,1.894,0.107,26,reviewed,us,us
2024-11-01T21:35:46.127Z,33.8434,86.4422,10,4.6,mb,34,90,6.106,0.85,us,us7000npga,2024-11-01T21:58:43.040Z,"western Xizang",earthquake,11.23,1.908,0.104,28,reviewed,us,us
2024-11-01T21:13:20.247Z,8.9284,40.2229,10,4.6,mb,50,246,3.654,0.66,us,us7000npg7,2024-11-02T20:51:43.987Z,"8 km SE of Āwash, Ethiopia",earthquake,14.45,1.999,0.084,42,reviewed,us,us
2024-11-01T20:01:14.785Z,36.221,70.5216,118.427,4.8,mb,170,34,2.212,0.82,us,us7000npg1,2024-11-02T15:23:39.040Z,"71 km ESE of Farkhār, Afghanistan",earthquake,8.43,5.228,0.042,175,reviewed,us,us
2024-11-01T18:55:29.365Z,8.9656,40.0827,10,4.6,mb,107,63,10.415,0.53,us,us7000npfn,2024-11-02T15:15:24.165Z,"9 km WSW of Āwash, Ethiopia",earthquake,10.19,1.867,0.056,98,reviewed,us,us
2024-11-01T17:19:13.455Z,-0.5368,125.8548,37.046,5.4,mb,235,18,1.994,0.6,us,us7000npf5,2024-11-02T17:22:30.589Z,"168 km N of Sanana, Indonesia",earthquake,5.91,4.379,0.04,214,reviewed,us,us
2024-11-01T14:16:51.139Z,35.8463,140.81,43.395,4.6,mwr,72,121,2.215,0.69,us,us7000npc6,2024-11-01T14:59:25.040Z,"12 km N of Hasaki, Japan",earthquake,7.45,5.024,0.071,19,reviewed,us,us
2024-11-01T12:12:11.036Z,25.4208,142.5134,10,4.7,mb,28,132,1.694,0.64,us,us7000npbu,2024-11-02T10:50:24.040Z,"Volcano Islands, Japan region",earthquake,10.26,1.74,0.121,21,reviewed,us,us
2024-11-01T08:48:09.601Z,-2.7306,139.4136,34.058,4.9,mb,31,73,1.306,0.91,us,us7000npbh,2024-11-01T09:07:09.040Z,"136 km W of Abepura, Indonesia",earthquake,8.85,5.356,0.092,37,reviewed,us,us
2024-11-01T08:33:54.707Z,-9.3918,108.8482,18.804,4.6,mb,25,81,2.254,0.93,us,us7000npbg,2024-11-01T08:54:48.040Z,"185 km S of Cilacap, Indonesia",earthquake,7.73,5.162,0.132,17,reviewed,us,us
2024-11-01T08:24:01.601Z,25.2909,142.669,10,4.7,mb,44,125,1.849,0.74,us,us7000npbf,2024-11-01T08:46:48.040Z,"Volcano Islands, Japan region",earthquake,11.1,1.905,0.079,49,reviewed,us,us
2024-11-01T06:53:07.319Z,-23.367,-175.58,49.599,4.9,mb,25,187,6.235,0.72,us,us7000npb8,2024-11-01T07:22:56.040Z,"233 km SSW of ‘Ohonua, Tonga",earthquake,13.23,12.219,0.122,21,reviewed,us,us
2024-11-01T05:38:14.931Z,56.3261,-34.0639,10,5.4,mww,129,35,8.803,0.75,us,us7000npb7,2024-11-02T05:41:50.996Z,"Reykjanes Ridge",earthquake,7.38,1.882,0.052,35,reviewed,us,us
2024-11-01T05:29:02.397Z,-21.1522,-67.9054,165.642,4.9,mb,61,41,1.4,1.13,us,us7000npb4,2024-11-01T05:44:06.040Z,"37 km ENE of Ollagüe, Chile",earthquake,6.44,6.826,0.061,84,reviewed,us,us
2024-11-01T05:24:10.715Z,-18.946,169.1294,229.141,4.6,mb,40,55,3.973,0.86,us,us7000npb3,2024-11-01T06:08:22.040Z,"67 km NNW of Isangel, Vanuatu",earthquake,9.82,6.805,0.061,81,reviewed,us,us
2024-11-01T04:18:52.796Z,29.2769,130.3249,41.042,4.7,mb,39,121,2.228,0.72,us,us7000npax,2024-11-01T04:48:01.040Z,"107 km S of Yudomari, Japan",earthquake,9.62,8.114,0.085,42,reviewed,us,us
2024-11-01T03:00:55.707Z,4.3721,98.1944,10,4.5,mb,21,55,1.506,0.8,us,us7000npai,2024-11-01T21:08:10.040Z,"27 km ESE of Langsa, Indonesia",earthquake,5.71,1.871,0.15,13,reviewed,us,us
2024-11-01T01:25:08.782Z,17.2562,-101.0161,25.521,4.6,mb,40,211,2.359,1.04,us,us7000npa7,2024-11-04T14:38:48.040Z,"8 km SSE of Papanoa, Mexico",earthquake,10.38,8.371,0.051,116,reviewed,us,us
2024-10-31T22:32:58.124Z,-21.1128,-178.7634,586.556,4.5,mb,44,81,4.5,0.55,us,us7000np9p,2024-11-01T00:23:43.040Z,"Fiji region",earthquake,13.04,7.294,0.072,56,reviewed,us,us
2024-10-31T22:24:42.835Z,-19.9447,66.2801,10,5.1,mww,68,55,2.746,0.72,us,us7000np9n,2024-11-01T00:04:09.040Z,"Mauritius - Reunion region",earthquake,4.3,1.764,0.08,15,reviewed,us,us
2024-10-31T20:51:59.452Z,43.8955,149.117,10,5.2,mb,81,135,4.711,0.89,us,us7000np96,2024-10-31T21:22:10.040Z,"177 km SSE of Kuril’sk, Russia",earthquake,10.56,1.885,0.04,209,reviewed,us,us
2024-10-31T20:20:40.540Z,-10.04,151.7835,10,4.7,mb,33,91,4.602,0.69,us,us7000np90,2024-11-01T21:01:39.662Z,"138 km ENE of Samarai, Papua New Guinea",earthquake,7.59,1.892,0.111,25,reviewed,us,us
2024-10-31T17:46:28.610Z,-6.937,155.4395,50.582,5.3,mww,79,34,4.251,0.6,us,us7000np8b,2024-10-31T18:05:18.040Z,"68 km S of Panguna, Papua New Guinea",earthquake,8.13,5.207,0.075,17,reviewed,us,us
2024-10-31T16:18:16.120Z,23.5714,121.5974,10,5.2,mb,54,45,0.889,0.99,us,us7000np7y,2024-11-01T11:44:09.690Z,"44 km S of Hualien City, Taiwan",earthquake,5.26,1.852,0.054,112,reviewed,us,us
2024-10-31T13:12:53.977Z,42.9556,145.4577,93.417,4.5,mb,22,142,1.944,1.04,us,us7000np6i,2024-10-31T14:22:24.040Z,"41 km SSW of Nemuro, Japan",earthquake,10.06,8.116,0.125,19,reviewed,us,us
2024-10-31T08:52:51.771Z,-49.9162,126.9749,10.903,4.7,mb,30,112,15.656,0.62,us,us7000np5x,2024-10-31T09:09:31.040Z,"western Indian-Antarctic Ridge",earthquake,13.26,5.047,0.104,28,reviewed,us,us
2024-10-31T06:02:23.926Z,-18.8898,-177.9106,503.106,5.1,mb,75,74,3.532,0.66,us,us7000np5i,2024-10-31T06:16:25.040Z,"Fiji region",earthquake,13.54,7.946,0.094,37,reviewed,us,us
2024-10-31T05:44:44.881Z,-48.8984,121.3782,10,5.2,mww,53,65,16.254,0.48,us,us7000np5g,2024-10-31T06:09:00.040Z,"western Indian-Antarctic Ridge",earthquake,11.17,1.881,0.093,11,reviewed,us,us
2024-10-31T05:21:48.005Z,-14.9999,-71.867,126.559,4.5,mb,26,152,3.447,0.77,us,us7000np5a,2024-10-31T06:34:24.040Z,"39 km SSE of Cayarani, Peru",earthquake,13.7,9.396,0.089,37,reviewed,us,us
2024-10-31T05:15:53.433Z,52.3009,159.6162,55.148,4.8,mb,59,125,0.933,0.86,us,us7000np59,2024-10-31T05:32:59.040Z,"107 km SE of Vilyuchinsk, Russia",earthquake,9.94,7.12,0.075,55,reviewed,us,us
2024-10-31T02:56:40.767Z,-22.962,-179.8161,567.499,4.5,mb,28,126,5.562,0.81,us,us7000np4w,2024-10-31T03:15:52.040Z,"south of the Fiji Islands",earthquake,15.37,10.518,0.1,29,reviewed,us,us
2024-10-30T23:47:24.357Z,4.6878,127.4965,120.687,4.6,mb,51,107,3.039,0.69,us,us7000np45,2024-10-31T00:03:03.040Z,"235 km SE of Pondaguitan, Philippines",earthquake,9.35,5.902,0.078,49,reviewed,us,us
2024-10-30T21:39:07.062Z,19.0488,121.2583,10,4.7,mb,74,114,3.754,0.62,us,us7000np3w,2024-10-30T21:59:11.040Z,"49 km NNE of Namuac, Philippines",earthquake,9.56,1.777,0.064,73,reviewed,us,us
2024-10-30T20:15:19.955Z,43.544,-127.7993,10,6,mww,95,97,2.73,1.06,us,us7000np33,2024-11-12T20:25:24.615Z,"279 km W of Bandon, Oregon",earthquake,10.58,1.877,0.036,73,reviewed,us,us
2024-10-30T18:49:50.663Z,-11.5147,166.0534,86.836,4.5,mb,38,98,6.349,1.07,us,us7000np2k,2024-10-30T21:29:11.040Z,"91 km SSE of Lata, Solomon Islands",earthquake,11.86,7.226,0.094,33,reviewed,us,us
2024-10-30T13:03:54.109Z,6.4711,126.7558,112.978,4.6,mb,45,118,1.311,0.53,us,us7000np03,2024-10-30T18:14:43.040Z,"64 km SE of Bobon, Philippines",earthquake,10.71,6.205,0.094,35,reviewed,us,us
2024-10-30T12:18:52.635Z,-4.4502,150.0872,521.212,6,mww,97,19,2.086,0.84,us,us7000nnz9,2024-10-31T17:46:44.040Z,"121 km N of Kimbe, Papua New Guinea",earthquake,7.86,7.895,0.052,36,reviewed,us,us
2024-10-30T11:43:21.501Z,-24.2892,-67.128,196.121,4.9,mb,36,62,1.643,0.8,us,us7000nnz6,2024-10-30T15:41:37.421Z,"82 km W of San Antonio de los Cobres, Argentina",earthquake,10.15,8.628,0.081,47,reviewed,us,us
2024-10-30T08:59:09.119Z,-25.2279,-178.7697,387.282,4.9,mb,41,114,4.071,1.27,us,us7000nnyz,2024-10-30T09:16:42.040Z,"south of the Fiji Islands",earthquake,13.21,10.078,0.096,34,reviewed,us,us
2024-10-30T06:14:26.486Z,36.0975,139.7772,74.849,4.7,mb,25,128,1.342,0.47,us,us7000nnyg,2024-10-30T15:37:44.818Z,"2 km W of Sakai, Japan",earthquake,6.88,9.468,0.183,9,reviewed,us,us
2024-10-30T02:38:18.393Z,-1.5546,123.4017,10,4.5,mb,15,103,0.81,0.55,us,us7000nnxr,2024-10-31T02:01:26.040Z,"95 km SE of Luwuk, Indonesia",earthquake,5.9,1.928,0.18,9,reviewed,us,us
2024-10-30T02:18:42.114Z,38.263,74.1587,131.447,4.5,mb,54,206,3.805,0.6,us,us7000nnxq,2024-10-31T01:42:52.040Z,"19 km ENE of Murghob, Tajikistan",earthquake,10.14,10.271,0.085,40,reviewed,us,us
2024-10-29T21:49:16.763Z,7.3345,-71.8717,10,4.7,mb,36,126,1.871,0.61,us,us7000nnx8,2024-10-29T22:29:00.040Z,"44 km NE of Cubará, Colombia",earthquake,5.33,1.915,0.063,77,reviewed,us,us
2024-10-29T18:46:45.382Z,-12.337,-14.757,10,5,mb,40,108,4.394,0.56,us,us7000nnwd,2024-10-29T19:10:56.040Z,"southern Mid-Atlantic Ridge",earthquake,14.33,1.902,0.093,37,reviewed,us,us
2024-10-29T18:44:26.491Z,-13.0812,166.3824,43.724,4.5,mb,24,130,7.276,1.21,us,us7000nnwb,2024-10-29T19:49:31.040Z,"154 km NW of Sola, Vanuatu",earthquake,11.24,7.027,0.125,19,reviewed,us,us
2024-10-29T17:32:51.709Z,-59.6938,-27.3994,152.712,5.1,mb,115,70,15.523,0.63,us,us7000nnvq,2024-10-29T17:50:42.040Z,"South Sandwich Islands region",earthquake,10.99,6.785,0.055,113,reviewed,us,us
2024-10-29T16:43:26.840Z,33.3574,30.0546,10,4.5,mb,65,72,2.892,0.77,us,us7000nnvc,2024-10-31T13:36:55.104Z,"219 km N of Rosetta, Egypt",earthquake,6.69,1.88,0.073,63,reviewed,us,us
2024-10-29T16:16:32.705Z,-19.7509,-176.9532,332.484,4.9,mb,105,121,4.777,0.84,us,us7000nnv7,2024-10-31T21:45:02.040Z,"233 km NW of Houma, Tonga",earthquake,10.73,5.761,0.037,241,reviewed,us,us
2024-10-29T16:00:32.105Z,-54.7514,159.0141,17.571,4.7,mb,24,179,0.257,0.38,us,us7000nnv3,2024-10-29T16:46:32.040Z,"Macquarie Island region",earthquake,9.22,4.772,0.126,19,reviewed,us,us
2024-10-29T13:01:42.026Z,-28.7028,-176.8544,42.581,4.8,mb,39,75,1.086,0.78,us,us7000nnsw,2024-10-29T17:05:17.040Z,"Kermadec Islands region",earthquake,9.61,6.943,0.094,42,reviewed,us,us
2024-10-29T12:13:57.708Z,51.7846,157.9069,86.383,4.9,mb,110,118,1.322,0.54,us,us7000nnss,2024-10-29T12:42:53.040Z,"102 km ENE of Ozernovskiy, Russia",earthquake,7.52,4.039,0.03,360,reviewed,us,us
2024-10-29T08:32:45.448Z,-18.1107,-178.157,562.438,5.2,mb,61,42,2.867,1.03,us,us7000nnsg,2024-10-29T08:47:50.040Z,"267 km E of Levuka, Fiji",earthquake,11.16,8.306,0.08,52,reviewed,us,us
2024-10-29T07:45:30.133Z,11.6964,142.2991,16.587,4.9,mb,51,52,3.135,0.67,us,us7000nns7,2024-10-29T08:34:10.040Z,"288 km NE of Fais, Micronesia",earthquake,9.6,4.367,0.061,85,reviewed,us,us
2024-10-29T06:13:05.339Z,-18.6545,169.5019,283.213,5,mb,47,78,4.383,0.66,us,us7000nnrv,2024-10-29T06:37:18.040Z,"100 km NNE of Isangel, Vanuatu",earthquake,11.43,8.821,0.039,210,reviewed,us,us
2024-10-29T04:27:10.553Z,-2.9538,129.6923,10,4.8,mb,45,58,1.572,0.81,us,us7000nnr7,2024-10-30T02:15:49.040Z,"88 km ENE of Masohi, Indonesia",earthquake,2.68,1.858,0.088,40,reviewed,us,us
2024-10-29T02:35:27.930Z,4.7184,96.2377,42.117,4.6,mb,27,91,0.87,0.55,us,us7000nnqs,2024-10-29T03:36:02.040Z,"55 km S of Reuleuet, Indonesia",earthquake,5.1,8.273,0.146,14,reviewed,us,us
2024-10-28T22:33:55.344Z,-26.0045,179.9629,489.115,4.8,mb,62,70,3.73,1.15,us,us7000nnpu,2024-10-28T22:49:08.040Z,"south of the Fiji Islands",earthquake,12.82,8.401,0.091,37,reviewed,us,us
2024-10-28T20:49:40.252Z,-14.292,167.3495,153.3,4.5,mb,37,161,6.876,0.65,us,us7000nnpf,2024-10-28T21:06:12.040Z,"50 km SSW of Sola, Vanuatu",earthquake,13.48,8.474,0.099,30,reviewed,us,us
2024-10-28T14:35:01.487Z,-10.9851,164.3113,10,4.7,mb,42,120,4.562,0.69,us,us7000nnn1,2024-10-28T16:32:05.040Z,"164 km W of Lata, Solomon Islands",earthquake,11.47,1.878,0.089,38,reviewed,us,us
2024-10-28T13:08:40.107Z,27.8734,94.0243,36.279,4.6,mb,62,98,6.688,0.65,us,us7000nnml,2024-10-29T04:19:35.951Z,"35 km NNE of Ziro, India",earthquake,8.9,7.335,0.078,49,reviewed,us,us
2024-10-28T13:07:11.293Z,1.5687,97.0928,37.35,4.8,mb,43,112,0.55,0.6,us,us7000nnmk,2024-10-28T15:10:49.040Z,"65 km WNW of Gunungsitoli, Indonesia",earthquake,8.55,7.191,0.103,29,reviewed,us,us
2024-10-28T08:33:36.748Z,-2.7165,151.5955,10,4.7,mb,30,83,1.571,0.4,us,us7000nnll,2024-10-29T08:43:12.040Z,"90 km E of Kavieng, Papua New Guinea",earthquake,7.14,1.832,0.104,28,reviewed,us,us
2024-10-28T07:53:31.113Z,43.4924,83.59,10,4.5,mb,56,97,2.996,0.65,us,us7000nnlg,2024-10-29T12:12:26.040Z,"28 km ENE of Xinyuan, China",earthquake,8.24,1.896,0.089,37,reviewed,us,us
2024-10-28T07:08:41.228Z,7.0011,-76.847,36.065,4.5,mb,103,83,1.537,0.52,us,us7000nnla,2024-10-29T06:56:33.040Z,"3 km NW of Murindó, Colombia",earthquake,5.88,7.478,0.052,110,reviewed,us,us
2024-10-28T05:40:29.307Z,1.8402,126.8486,107.757,4.6,mb,62,74,1.181,0.86,us,us7000nnkx,2024-10-28T07:00:38.040Z,"129 km W of Tobelo, Indonesia",earthquake,7.72,5.307,0.076,52,reviewed,us,us
2024-10-28T03:01:16.311Z,10.5846,-86.0658,43.977,4.7,mb,86,135,1.133,0.49,us,us7000nnk5,2024-10-28T04:27:36.040Z,"40 km NW of Tamarindo, Costa Rica",earthquake,3.95,9.291,0.046,144,reviewed,us,us
2024-10-28T02:46:25.197Z,-25.9186,179.8509,481.253,5,mb,98,44,3.855,0.77,us,us7000nnjz,2024-10-28T17:45:14.385Z,"south of the Fiji Islands",earthquake,10.06,6.19,0.033,299,reviewed,us,us
2024-10-28T02:02:57.639Z,-7.1143,125.7699,473.806,4.8,mb,76,45,3.812,0.62,us,us7000nnjr,2024-10-28T02:51:07.813Z,"156 km N of Metinaro, Timor Leste",earthquake,9.41,6.445,0.068,67,reviewed,us,us
2024-10-28T00:14:44.985Z,4.9065,-82.6777,10,4.9,mww,43,152,3.539,1.03,us,us7000nnja,2024-10-28T00:29:08.040Z,"south of Panama",earthquake,11.14,1.95,0.063,24,reviewed,us,us
2024-10-27T22:06:33.387Z,-17.8848,-178.1657,621.325,4.9,mb,96,55,2.74,0.87,us,us7000nnix,2024-10-27T22:24:54.040Z,"267 km E of Levuka, Fiji",earthquake,10.83,7.958,0.031,331,reviewed,us,us
2024-10-27T21:16:14.227Z,-22.0233,-68.6679,130.716,4.7,mb,43,62,0.579,1.14,us,us7000nnit,2024-10-27T21:34:12.040Z,"54 km NNE of Calama, Chile",earthquake,6.2,5.242,0.1,30,reviewed,us,us
2024-10-27T20:58:18.623Z,-1.9776,137.452,23.808,4.7,mww,25,71,3.292,0.8,us,us7000nniq,2024-10-27T21:18:51.040Z,"176 km ESE of Biak, Indonesia",earthquake,9.51,5.259,0.089,12,reviewed,us,us
2024-10-27T17:07:10.414Z,37.6398,35.9939,10,4.9,mww,88,56,0.285,0.68,us,us7000nni1,2024-10-27T19:49:17.591Z,"20 km SSE of Feke, Turkey",earthquake,3.64,1.846,0.061,26,reviewed,us,us
2024-10-27T15:56:21.504Z,5.7602,126.6937,10.286,4.6,mb,28,185,1.709,0.91,us,us7000nnhw,2024-10-30T07:26:34.461Z,"87 km SE of Pondaguitan, Philippines",earthquake,10.31,5.735,0.129,21,reviewed,us,us
2024-10-27T13:35:08.442Z,-1.0647,127.4176,43.101,4.7,mb,48,83,1.825,0.95,us,us7000nnhg,2024-10-27T14:11:46.040Z,"49 km S of Labuha, Indonesia",earthquake,6.65,7.128,0.081,50,reviewed,us,us
2024-10-27T13:32:39.450Z,-1.0937,127.2956,39.997,4.5,mb,36,86,1.854,0.95,us,us7000nnhf,2024-10-27T14:14:45.040Z,"55 km SSW of Labuha, Indonesia",earthquake,4.04,7.955,0.116,26,reviewed,us,us
2024-10-27T10:21:45.232Z,23.9745,121.6705,29.378,5.1,mb,60,69,0.21,1.2,us,us7000nngq,2024-10-27T11:22:24.223Z,"6 km E of Hualien City, Taiwan",earthquake,4.3,4.161,0.065,78,reviewed,us,us
2024-10-27T09:50:12.706Z,-23.4878,-67.6152,141.958,4.9,mww,53,67,0.744,1.43,us,us7000nngm,2024-10-27T10:27:21.040Z,"87 km SE of San Pedro de Atacama, Chile",earthquake,8.42,6.263,0.093,11,reviewed,us,us
2024-10-27T04:49:47.183Z,54.5922,160.5824,73.159,5.3,mb,82,73,1.945,0.99,us,us7000nnff,2024-10-27T05:07:31.040Z,"127 km E of Mil’kovo, Russia",earthquake,7.71,5.867,0.023,636,reviewed,us,us
2024-10-27T00:31:15.345Z,23.8912,-46.3543,10,5,mb,110,127,15.696,0.73,us,us7000nneu,2024-10-27T00:49:47.040Z,"northern Mid-Atlantic Ridge",earthquake,6.9,1.868,0.038,216,reviewed,us,us
2024-10-26T15:52:03.526Z,2.1685,121.7549,557.563,4.6,mb,39,79,1.432,1.01,us,us7000nnck,2024-10-26T16:13:23.040Z,"231 km NW of Gorontalo, Indonesia",earthquake,12.99,9.202,0.097,32,reviewed,us,us
2024-10-26T14:21:56.464Z,-8.4622,119.8829,181.826,4.6,mb,46,69,2.335,0.93,us,us7000nnc7,2024-10-26T15:27:06.040Z,"3 km N of Labuan Bajo, Indonesia",earthquake,8.28,6.498,0.086,41,reviewed,us,us
2024-10-26T12:56:21.744Z,-7.0352,129.1733,185.31,4.6,mb,49,79,2.6,0.59,us,us7000nnbu,2024-10-26T13:19:45.040Z,"290 km NE of Lospalos, Timor Leste",earthquake,7.59,7.439,0.079,47,reviewed,us,us
2024-10-26T12:22:02.675Z,9.0865,39.9241,10,4.8,mb,76,100,3.764,0.75,us,us7000nnhu,2024-10-27T16:17:20.186Z,"20 km N of Metahāra, Ethiopia",earthquake,10.91,1.897,0.071,62,reviewed,us,us
2024-10-26T12:21:38.880Z,9.0948,39.919,10,4.7,mb,59,92,3.762,0.72,us,us7000nnhs,2024-10-27T16:17:37.211Z,"21 km N of Metahāra, Ethiopia",earthquake,7.83,1.879,0.077,51,reviewed,us,us
2024-10-26T08:35:57.316Z,40.941,84.0086,10,5.1,mb,100,76,4.123,0.57,us,us7000nnak,2024-10-26T08:52:09.040Z,"124 km SE of Kuqa, China",earthquake,9.03,1.866,0.046,152,reviewed,us,us
2024-10-26T07:23:56.000Z,-50.2584,69.3776,10,5.2,mb,53,68,1.057,0.7,us,us7000nnai,2024-10-26T08:19:03.597Z,"117 km SSW of Port-aux-Français, French Southern Territories",earthquake,7.62,1.873,0.078,54,reviewed,us,us
2024-10-26T01:21:57.493Z,12.6102,-88.2041,57.083,4.8,mb,50,150,0.861,0.9,us,us7000nn9u,2024-10-26T01:44:07.703Z,"66 km SSW of Intipucá, El Salvador",earthquake,5.48,8.153,0.029,367,reviewed,us,us
2024-10-25T21:55:37.423Z,7.6813,-82.2226,30.712,4.7,mb,85,148,1.306,1,us,us7000nn8v,2024-10-25T22:21:50.040Z,"59 km S of Boca Chica, Panama",earthquake,7.03,4.6,0.067,67,reviewed,us,us
2024-10-25T21:20:23.221Z,35.7799,139.3177,74.256,4.5,mb,27,134,1.176,0.42,us,us7000nn8r,2024-10-26T05:21:08.566Z,"1 km N of Hamura, Japan",earthquake,7.04,8.794,0.15,13,reviewed,us,us
2024-10-25T15:04:23.620Z,36.5508333,-117.056,4.58,4.54,ml,34,147,0.5094,0.16,ci,ci40964384,2024-10-31T22:31:11.924Z,"10 km SE of Stovepipe Wells, CA",earthquake,0.26,31.61,0.109,15,reviewed,ci,ci
2024-10-25T14:46:22.315Z,13.9643,-92.7139,10,5.8,mww,93,137,1.615,1.84,us,us7000nn6t,2024-10-30T15:59:04.280Z,"82 km SW of Brisas Barra de Suchiate, Mexico",earthquake,7.09,1.888,0.052,35,reviewed,us,us
2024-10-25T14:01:26.454Z,-19.3184,-172.9618,10,5.7,mww,27,104,2.878,0.88,us,us7000nn5q,2024-10-28T15:20:06.342Z,"130 km SE of Neiafu, Tonga",earthquake,10.98,1.934,0.065,23,reviewed,us,us
2024-10-25T11:17:06.466Z,37.0211,142.113,35,4.7,mb,37,125,3.17,0.73,us,us7000nn3x,2024-10-25T12:08:35.040Z,"103 km ESE of Tomioka, Japan",earthquake,5.98,1.797,0.111,26,reviewed,us,us
2024-10-25T08:05:08.330Z,36.6026667,-117.0955,4.34,4.72,mw,34,146,0.4488,0.17,ci,ci40964128,2024-10-30T21:33:20.042Z,"5 km E of Stovepipe Wells, CA",earthquake,0.34,31.61,,6,reviewed,ci,ci
2024-10-25T06:31:50.854Z,43.2631,146.6395,82.22,4.9,mb,51,169,2.856,0.55,us,us7000nn2q,2024-10-25T06:51:34.040Z,"59 km S of Shikotan, Russia",earthquake,10.31,8.275,0.051,121,reviewed,us,us
2024-10-25T05:38:05.105Z,-21.7442,-68.5302,127.376,5,mww,71,43,0.663,1.22,us,us7000nn2i,2024-10-25T06:00:35.341Z,"64 km SSW of Ollagüe, Chile",earthquake,7.11,5.827,0.069,20,reviewed,us,us
2024-10-25T05:04:32.252Z,-6.1831,154.5809,405.976,4.5,mb,51,125,3.116,0.72,us,us7000nn2f,2024-10-25T05:59:32.040Z,"101 km W of Panguna, Papua New Guinea",earthquake,12.5,8.075,0.063,74,reviewed,us,us
2024-10-25T02:12:23.833Z,31.9498,141.7206,10,4.6,mb,55,122,1.986,0.73,us,us7000nn1v,2024-10-25T03:15:35.040Z,"Izu Islands, Japan region",earthquake,6.09,1.818,0.074,56,reviewed,us,us
2024-10-25T00:00:31.680Z,-5.294,151.7037,56.39,5.1,mb,78,32,1.188,0.58,us,us7000nn1g,2024-10-25T02:55:52.040Z,"122 km SSW of Kokopo, Papua New Guinea",earthquake,9.24,3.793,0.053,113,reviewed,us,us
2024-10-24T23:28:19.850Z,-16.1208,-173.8975,91.259,5.4,mww,99,44,3.002,0.57,us,us7000nn19,2024-10-29T13:30:49.040Z,"21 km SSW of Hihifo, Tonga",earthquake,8.29,4.345,0.103,9,reviewed,us,us
2024-10-24T21:13:20.646Z,54.8821,-118.737,10,4.6,mb,80,37,0.723,0.74,us,us7000nn0c,2024-10-27T10:30:01.441Z,"31 km S of Grande Prairie, Canada",earthquake,5.92,1.899,0.042,165,reviewed,us,us
2024-10-24T20:31:59.118Z,5.4101,-78.3878,10,4.6,mb,55,121,2.948,0.59,us,us7000nmzv,2024-10-24T21:10:26.040Z,"124 km WNW of Pizarro, Colombia",earthquake,7.25,1.909,0.086,41,reviewed,us,us
2024-10-24T19:32:35.975Z,-31.1624,-179.8553,344.446,5,mb,66,75,2.528,0.86,us,us7000nmzf,2024-10-24T19:57:34.040Z,"Kermadec Islands region",earthquake,11.45,7.233,0.039,216,reviewed,us,us
2024-10-24T19:23:14.552Z,-17.4608,-70.808,116.55,5,mb,44,71,1.008,1.47,us,us7000nmzd,2024-10-24T20:01:11.295Z,"17 km NNW of Locumba, Peru",earthquake,7.15,3.422,0.077,54,reviewed,us,us
2024-10-24T18:52:09.570Z,-5.0468,152.2399,57.198,5.2,mb,60,62,0.853,0.84,us,us7000nmz2,2024-10-24T19:30:33.040Z,"77 km S of Kokopo, Papua New Guinea",earthquake,8.99,7.044,0.038,232,reviewed,us,us
2024-10-24T17:51:28.383Z,25.5386,142.6739,10,5.1,mww,94,68,1.612,1.36,us,us7000nmyu,2024-10-24T18:42:19.453Z,"Volcano Islands, Japan region",earthquake,9.15,1.856,0.073,18,reviewed,us,us
2024-10-24T17:39:27.833Z,-21.7152,-67.4286,191.875,4.7,mb,42,68,1.413,1.25,us,us7000nmyt,2024-10-24T17:59:00.040Z,"101 km ESE of Ollagüe, Chile",earthquake,8.52,7.718,0.081,47,reviewed,us,us
2024-10-24T17:22:43.663Z,-2.3421,134.2625,30.391,4.9,mb,53,61,2.092,0.41,us,us7000nmyq,2024-10-24T17:40:00.040Z,"86 km ESE of Bintuni, Indonesia",earthquake,8.34,5.584,0.096,34,reviewed,us,us
2024-10-24T16:42:42.269Z,-10.0022,160.9375,10,4.7,mb,15,234,1.125,0.75,us,us7000nmym,2024-10-24T17:19:08.040Z,"118 km WNW of Kirakira, Solomon Islands",earthquake,8.61,1.986,0.159,12,reviewed,us,us
2024-10-24T11:45:38.989Z,-28.649,-71.6233,31.392,5,mb,56,141,0.656,0.82,us,us7000nmum,2024-10-24T12:05:25.040Z,"84 km W of Vallenar, Chile",earthquake,5.32,5.101,0.049,134,reviewed,us,us
2024-10-24T07:14:29.702Z,52.3155,-170.5674,35,5,mb,120,126,0.618,1.05,us,us7000nmtw,2024-11-12T07:24:44.350Z,"134 km WSW of Nikolski, Alaska",earthquake,4.79,1.897,0.03,365,reviewed,us,us
2024-10-24T05:21:39.056Z,14.8307,53.2686,10,4.6,mb,44,192,10.433,0.54,us,us7000nmta,2024-10-24T08:16:30.040Z,"192 km SE of Al Ghayz̧ah, Yemen",earthquake,14.72,1.969,0.085,41,reviewed,us,us
2024-10-24T04:30:51.001Z,-42.0085,80.0152,10,5.7,mww,46,53,27.281,0.73,us,us7000nmsy,2024-10-29T10:13:36.040Z,"Mid-Indian Ridge",earthquake,11.84,1.84,0.08,15,reviewed,us,us
2024-10-24T04:30:00.309Z,-41.8336,79.7972,10,5,mb,26,148,27.411,0.68,us,us7000nmsx,2024-10-24T04:50:42.040Z,"Mid-Indian Ridge",earthquake,11.17,1.887,0.12,22,reviewed,us,us
2024-10-24T00:38:44.840Z,28.6659,52.1336,10,4.8,mb,67,51,5.192,0.61,us,us7000nms2,2024-10-24T00:51:05.040Z,"47 km WSW of Fīrūzābād, Iran",earthquake,6.32,1.894,0.055,102,reviewed,us,us
2024-10-23T22:36:00.656Z,-24.3221,-67.0919,180.323,4.5,mb,31,75,1.689,0.85,us,us7000nmrh,2024-10-23T22:59:46.040Z,"79 km W of San Antonio de los Cobres, Argentina",earthquake,9.3,7.478,0.124,19,reviewed,us,us
2024-10-23T21:30:10.973Z,-27.8215,-176.6164,10,5.1,mb,71,69,1.829,0.95,us,us7000nmra,2024-10-23T22:00:18.040Z,"Kermadec Islands region",earthquake,9.76,1.54,0.052,120,reviewed,us,us
2024-10-23T20:02:44.453Z,-16.4679,-172.1624,10,4.6,mb,36,124,2.571,0.76,us,us7000nrd9,2024-11-12T20:42:28.040Z,"183 km ESE of Hihifo, Tonga",earthquake,12.93,1.828,0.094,34,reviewed,us,us
2024-10-23T19:20:54.336Z,-17.8318,-174.9004,230.38,4.9,mb,32,66,4.675,0.76,us,us7000nmqr,2024-11-12T20:13:41.040Z,"132 km NW of Neiafu, Tonga",earthquake,10.61,6.623,0.095,35,reviewed,us,us
2024-10-23T18:19:50.019Z,25.3686,142.7449,10,4.6,mb,49,129,1.792,0.73,us,us7000nrdd,2024-11-12T19:36:56.040Z,"Volcano Islands, Japan region",earthquake,11.02,1.902,0.083,43,reviewed,us,us
2024-10-23T14:38:05.139Z,49.401,155.6979,48.564,6.2,mww,203,38,3.919,0.86,us,us7000nmlt,2024-10-25T16:54:32.040Z,"145 km SSW of Severo-Kuril’sk, Russia",earthquake,7.91,6.165,0.037,69,reviewed,us,us
2024-10-23T13:45:18.377Z,23.6517,141.8982,108.359,4.7,mb,61,109,3.439,0.73,us,us7000nmln,2024-10-23T15:10:19.040Z,"Volcano Islands, Japan region",earthquake,12.51,7.749,0.049,133,reviewed,us,us
2024-10-23T06:05:14.093Z,-40.9535,-91.4091,10,5,mb,72,148,13.739,1.04,us,us7000nmk2,2024-10-23T06:43:15.040Z,"West Chile Rise",earthquake,12.9,1.884,0.052,116,reviewed,us,us
2024-10-23T03:12:10.339Z,31.0355,140.8554,72.78,4.7,mb,47,97,2.254,0.55,us,us7000nmjm,2024-10-23T22:34:24.040Z,"Izu Islands, Japan region",earthquake,11.7,6.123,0.087,40,reviewed,us,us
2024-10-22T22:18:04.096Z,16.717,-99.1767,56.281,4.9,mww,103,158,1.024,0.78,us,us7000nmi9,2024-10-29T07:54:05.040Z,"5 km W of Cruz Grande, Mexico",earthquake,8.85,7.513,0.053,34,reviewed,us,us
2024-10-22T19:49:32.406Z,2.7718,-84.4081,10,4.6,mb,69,80,5.748,0.83,us,us7000nmhe,2024-11-11T21:08:34.040Z,"off the coast of Central America",earthquake,9.71,1.869,0.073,55,reviewed,us,us
2024-10-22T19:43:33.733Z,-13.6417,66.05,10,4.6,mb,20,157,58.008,0.71,us,us7000nr6r,2024-11-11T21:21:57.040Z,"Mid-Indian Ridge",earthquake,13.81,1.865,0.172,11,reviewed,us,us
2024-10-22T18:14:17.547Z,5.6923,126.344,10,4.5,mb,36,128,1.565,0.71,us,us7000nr6m,2024-11-11T20:17:23.040Z,"76 km SSE of Pondaguitan, Philippines",earthquake,10.59,1.813,0.108,25,reviewed,us,us
2024-10-22T15:45:37.672Z,-23.8293,-179.7206,463.18,5.5,mww,95,75,5.627,0.59,us,us7000nmg9,2024-10-23T17:42:52.533Z,"south of the Fiji Islands",earthquake,10.43,6.121,0.073,18,reviewed,us,us
2024-10-22T12:48:54.037Z,-1.0635,127.374,10,4.9,mb,86,80,1.823,0.52,us,us7000nmeb,2024-10-22T13:36:14.040Z,"49 km SSW of Labuha, Indonesia",earthquake,6.78,1.852,0.07,67,reviewed,us,us
2024-10-22T12:43:52.670Z,-7.861,108.3777,89.798,4.9,mb,63,28,0.823,0.79,us,us7000nmea,2024-10-24T20:23:47.627Z,"56 km SSE of Kawalu, Indonesia",earthquake,6.92,6.37,0.082,47,reviewed,us,us
2024-10-22T12:35:42.942Z,1.1321,127.1007,159.321,4.5,mb,46,54,0.446,0.68,us,us7000nme9,2024-10-28T08:51:03.040Z,"49 km NW of Ternate, Indonesia",earthquake,8.01,5.483,0.089,37,reviewed,us,us
2024-10-22T12:08:33.285Z,-3.048,147.4333,10,5,mb,57,49,4.855,0.61,us,us7000nme7,2024-10-23T13:29:06.040Z,"113 km S of Lorengau, Papua New Guinea",earthquake,7.1,1.843,0.085,44,reviewed,us,us
2024-10-22T02:36:18.550Z,-6.0558,130.3665,10,5.1,mb,78,43,1.591,0.58,us,us7000nmcs,2024-11-12T01:39:42.040Z,"268 km W of Tual, Indonesia",earthquake,6.97,1.733,0.077,54,reviewed,us,us
2024-10-22T01:12:37.193Z,36.1641,141.3193,35,4.5,mb,40,151,2.539,0.59,us,us7000nmck,2024-11-11T23:19:19.040Z,"64 km ENE of Kashima-shi, Japan",earthquake,9.28,1.951,0.11,24,reviewed,us,us
2024-10-21T20:25:35.787Z,-17.7732,-178.6631,556.614,4.7,mb,94,72,2.279,0.68,us,us7000nmby,2024-11-09T17:03:53.040Z,"216 km E of Levuka, Fiji",earthquake,11.52,6.61,0.028,393,reviewed,us,us
2024-10-21T19:22:50.877Z,-1.1008,127.443,10,4.5,mb,32,105,1.861,0.67,us,us7000nmbm,2024-11-09T16:57:14.040Z,"52 km S of Labuha, Indonesia",earthquake,7.78,1.798,0.115,22,reviewed,us,us
2024-10-21T16:02:44.463Z,-17.5017,-178.2268,535.852,4.6,mb,76,111,2.515,0.81,us,us7000nmav,2024-11-10T18:14:22.040Z,"267 km ENE of Levuka, Fiji",earthquake,13.02,6.953,0.065,71,reviewed,us,us
2024-10-21T15:15:13.675Z,-1.1539,127.3576,10,4.7,mb,45,66,1.913,0.72,us,us6000p03l,2024-11-10T16:37:14.040Z,"59 km SSW of Labuha, Indonesia",earthquake,6.82,1.869,0.099,31,reviewed,us,us
2024-10-21T14:11:32.872Z,42.7601,143.6798,118.661,4.6,mb,102,76,0.839,0.53,us,us6000p02e,2024-11-10T16:18:06.810Z,"6 km SSE of Honchō, Japan",earthquake,7.01,2.046,0.046,141,reviewed,us,us
2024-10-21T08:35:08.646Z,-1.093,127.4696,10,5,mb,43,83,1.855,0.56,us,us6000p00d,2024-10-21T08:53:33.040Z,"51 km S of Labuha, Indonesia",earthquake,5.88,1.755,0.097,34,reviewed,us,us
2024-10-21T08:24:06.089Z,-1.1634,127.3904,10,5.2,mb,68,77,1.922,0.5,us,us6000p00b,2024-10-21T08:40:51.040Z,"60 km S of Labuha, Indonesia",earthquake,7.11,1.865,0.072,63,reviewed,us,us
2024-10-21T08:08:33.226Z,-1.1854,127.2924,10,4.9,mb,43,82,1.945,0.59,us,us6000p00a,2024-10-21T08:30:52.040Z,"65 km SSW of Labuha, Indonesia",earthquake,6.74,1.886,0.087,41,reviewed,us,us
2024-10-21T06:32:35.642Z,-1.0991,127.4181,10,5.7,mb,72,78,1.859,0.67,us,us6000p000,2024-10-22T06:36:04.138Z,"52 km S of Labuha, Indonesia",earthquake,5.15,1.841,0.049,150,reviewed,us,us
2024-10-21T06:09:39.122Z,-17.9663,-178.562,569.439,4.5,mb,37,95,2.469,0.86,us,us6000nzzw,2024-10-22T07:58:51.040Z,"224 km E of Levuka, Fiji",earthquake,11.06,8.19,0.099,30,reviewed,us,us
2024-10-21T05:35:49.196Z,52.6667,172.4989,43.229,5,mb,114,110,3.794,0.58,us,us6000nzzt,2024-11-12T05:45:56.315Z,"50 km WSW of Attu Station, Alaska",earthquake,9.32,7.33,0.029,388,reviewed,us,us
2024-10-21T04:58:11.134Z,-7.5198,127.8825,142.002,4.5,mb,23,76,3.593,0.74,us,us7000nqns,2024-11-10T05:04:35.040Z,"147 km NE of Lospalos, Timor Leste",earthquake,12.24,9.855,0.171,10,reviewed,us,us
2024-10-21T04:17:54.412Z,-1.0815,127.4653,10,4.5,mb,33,82,1.843,0.42,us,us7000nqnq,2024-11-10T03:58:56.040Z,"50 km S of Labuha, Indonesia",earthquake,7.07,1.893,0.121,20,reviewed,us,us
2024-10-21T04:12:15.170Z,-1.1441,127.4188,10,5.1,mww,97,30,1.904,0.68,us,us6000nzzb,2024-11-10T03:50:36.040Z,"57 km S of Labuha, Indonesia",earthquake,5.77,1.671,0.073,18,reviewed,us,us
2024-10-21T04:10:23.009Z,-1.0986,127.3707,10,4.8,mb,56,59,1.858,0.79,us,us6000nzza,2024-11-10T01:57:03.040Z,"53 km SSW of Labuha, Indonesia",earthquake,6.99,1.874,0.088,40,reviewed,us,us
2024-10-21T03:53:05.041Z,-1.1704,127.2159,10,4.8,mb,46,57,1.935,0.76,us,us6000nzz3,2024-11-10T01:29:43.040Z,"66 km SSW of Labuha, Indonesia",earthquake,3.82,1.868,0.102,30,reviewed,us,us
2024-10-21T03:42:48.790Z,-1.0938,127.2738,10,4.5,mb,32,110,1.855,0.58,us,us7000nqnp,2024-11-10T01:23:47.040Z,"56 km SSW of Labuha, Indonesia",earthquake,8.83,1.902,0.121,20,reviewed,us,us
2024-10-21T03:24:16.325Z,-1.1761,127.4439,16,5.8,mww,111,26,1.936,0.75,us,us6000nzyn,2024-11-10T00:16:32.594Z,"61 km S of Labuha, Indonesia",earthquake,5.85,1.353,0.055,32,reviewed,us,us
2024-10-21T02:41:51.845Z,-28.1506,-175.9643,10,4.5,mb,16,265,2.044,1.1,us,us7000nqnn,2024-11-09T23:18:58.040Z,"Kermadec Islands region",earthquake,13.36,1.995,0.15,13,reviewed,us,us
2024-10-20T23:22:17.999Z,-12.479,166.9805,205.772,5,mb,54,53,8.431,0.55,us,us6000nzxu,2024-10-20T23:38:25.040Z,"166 km NNW of Sola, Vanuatu",earthquake,11.19,6.214,0.083,46,reviewed,us,us
2024-10-20T22:59:40.810Z,-30.8936,-68.7474,107.654,5.7,mww,32,89,0.652,0.53,us,us6000nzxj,2024-10-21T23:02:49.169Z,"63 km NNW of Albardón, Argentina",earthquake,6.31,8.017,0.039,63,reviewed,us,us
2024-10-20T18:31:41.560Z,-11.4561,166.1707,81.085,4.5,mb,42,140,6.441,0.56,us,us7000nqn1,2024-11-09T14:53:42.040Z,"90 km SSE of Lata, Solomon Islands",earthquake,4.38,7.528,0.092,35,reviewed,us,us
2024-10-20T18:05:25.762Z,-4.1673,152.7611,72.575,4.5,mb,26,109,0.596,0.49,us,us6000nzwp,2024-11-09T13:44:37.040Z,"58 km ENE of Kokopo, Papua New Guinea",earthquake,9.52,5.061,0.124,19,reviewed,us,us
2024-10-20T17:44:49.716Z,39.3464,73.5829,10,4.6,mb,77,86,1.354,0.77,us,us6000nzwl,2024-11-09T13:47:42.040Z,"108 km S of Gul’cha, Kyrgyzstan",earthquake,6.25,1.887,0.068,64,reviewed,us,us
2024-10-20T16:20:41.025Z,-9.3889,161.4662,10,4.5,mb,19,140,1.499,1.11,us,us7000nqmr,2024-11-09T14:50:37.040Z,"108 km SE of Auki, Solomon Islands",earthquake,7.97,1.937,0.191,10,reviewed,us,us
2024-10-20T16:13:51.494Z,5.2988,94.31,64.394,4.6,mb,47,131,2.627,0.83,us,us6000nzwe,2024-11-09T14:42:38.040Z,"116 km WSW of Banda Aceh, Indonesia",earthquake,7.87,7.962,0.076,56,reviewed,us,us
2024-10-20T13:56:17.030Z,-23.1028,-66.3751,225.005,4.5,mb,27,72,2.953,0.8,us,us6000nzw3,2024-11-08T21:08:22.040Z,"72 km W of El Aguilar, Argentina",earthquake,7.05,8.86,0.136,16,reviewed,us,us
2024-10-20T12:31:07.587Z,-21.8931,-179.5015,591.313,5.5,mww,75,58,4.725,0.65,us,us6000nzvu,2024-11-09T08:19:08.288Z,"Fiji region",earthquake,11.03,7.534,0.068,21,reviewed,us,us
2024-10-20T10:06:51.920Z,-24.5689,-177.1379,154.518,4.8,mb,56,107,4.711,1.01,us,us6000nzve,2024-11-09T09:26:34.040Z,"south of the Fiji Islands",earthquake,11.34,6.755,0.044,163,reviewed,us,us
2024-10-20T10:00:01.194Z,13.8634,92.8425,17.641,4.7,mb,24,102,6.114,1.06,us,us7000nqmm,2024-11-09T09:57:56.040Z,"239 km N of Bamboo Flat, India",earthquake,9.86,4.143,0.147,14,reviewed,us,us
2024-10-20T09:09:00.541Z,-5.5106,154.2549,133.911,4.8,mb,58,90,2.462,0.98,us,us6000nzv6,2024-11-09T09:37:57.040Z,"162 km WNW of Panguna, Papua New Guinea",earthquake,8.57,4.445,0.064,74,reviewed,us,us
2024-10-20T08:02:37.802Z,-29.1675,-71.0128,68.255,4.7,mb,54,131,0.315,0.62,us,us6000nzux,2024-11-09T08:07:37.294Z,"70 km SSW of Vallenar, Chile",earthquake,4.23,2.789,0.052,112,reviewed,us,us
2024-10-20T05:24:49.031Z,0.3682,121.0182,107.402,4.6,mb,26,136,0.775,1.14,us,us6000nzu9,2024-11-09T07:56:29.040Z,"190 km NE of Palu, Indonesia",earthquake,6.76,6.792,0.125,19,reviewed,us,us
2024-10-20T04:44:42.987Z,3.5772,127.8858,79.634,4.8,mb,56,109,2.835,0.73,us,us6000nzu5,2024-11-09T00:39:04.040Z,"204 km N of Tobelo, Indonesia",earthquake,9.09,7.291,0.092,39,reviewed,us,us
2024-10-19T23:37:48.826Z,42.9381,145.0497,109.239,4.6,mb,52,179,1.677,1.04,us,us6000nzt2,2024-11-12T03:23:29.040Z,"19 km SE of Akkeshi, Japan",earthquake,10.23,8.126,0.088,39,reviewed,us,us
2024-10-19T22:26:15.835Z,-26.3158,-68.8537,106.629,4.6,mb,106,46,1.576,0.85,us,us6000nzsk,2024-11-12T03:48:02.040Z,"119 km E of Diego de Almagro, Chile",earthquake,7.78,6.817,0.056,94,reviewed,us,us
2024-10-19T18:46:46.309Z,-30.7774,-175.7911,10,4.5,mb,8,247,2.385,0.54,us,us6000nzrz,2024-10-25T19:28:20.040Z,"Kermadec Islands region",earthquake,15.76,2.025,0.139,15,reviewed,us,us
2024-10-19T18:07:13.885Z,0.4727,119.8821,65.111,5.2,mww,196,17,1.1,0.68,us,us6000nzru,2024-10-26T18:26:31.040Z,"152 km N of Palu, Indonesia",earthquake,6.3,4.588,0.078,16,reviewed,us,us
2024-10-19T17:29:13.026Z,-6.0105,146.7063,42.929,4.7,mb,44,60,3.402,0.94,us,us6000nzrq,2024-10-19T20:58:24.500Z,"85 km NNW of Lae, Papua New Guinea",earthquake,6.99,6.291,0.08,48,reviewed,us,us
2024-10-19T15:36:20.602Z,5.2966,94.2601,57.732,4.7,mb,39,169,2.677,0.81,us,us6000nzrf,2024-10-19T16:12:41.040Z,"121 km WSW of Banda Aceh, Indonesia",earthquake,10.2,8.235,0.097,32,reviewed,us,us
2024-10-19T15:29:24.126Z,-23.9434,-67.4746,284.274,4.5,mb,28,91,2.288,0.44,us,us6000nzrd,2024-10-19T16:05:41.040Z,"121 km WNW of San Antonio de los Cobres, Argentina",earthquake,12.45,12.772,0.156,12,reviewed,us,us
2024-10-19T13:38:02.997Z,38.7938,72.0148,10,4.6,mb,18,200,0.703,1.18,us,us6000nzr3,2024-11-08T20:49:35.040Z,"64 km SE of Karakenja, Tajikistan",earthquake,6.42,1.943,0.137,16,reviewed,us,us
2024-10-19T13:35:32.251Z,38.9758,72.5609,10,4.5,mb,19,178,0.775,0.53,us,us6000nzqu,2024-11-08T20:34:21.040Z,"70 km SSE of Kyzyl-Eshme, Kyrgyzstan",earthquake,5.81,1.929,0.15,13,reviewed,us,us
2024-10-19T13:32:20.709Z,-13.6929,66.0196,10,5.3,mww,70,40,6.541,0.65,us,us6000nzqz,2024-11-08T14:47:42.040Z,"Mid-Indian Ridge",earthquake,8.52,1.725,0.075,17,reviewed,us,us
2024-10-19T12:01:57.611Z,5.4996,-82.6346,10,4.6,mb,54,136,2.971,0.89,us,us6000nzql,2024-11-09T07:24:19.040Z,"281 km S of Burica, Panama",earthquake,6.68,1.934,0.048,129,reviewed,us,us
2024-10-19T11:41:10.568Z,37.5967,37.1395,10,4.5,mb,42,55,0.21,0.98,us,us6000nzqk,2024-11-09T07:19:37.040Z,"18 km NW of Pazarcık, Turkey",earthquake,3.52,1.617,0.113,23,reviewed,us,us
2024-10-19T07:08:29.740Z,34.7322,26.2418,15.594,4.8,mww,81,130,1.24,0.6,us,us6000nzpu,2024-11-10T13:00:36.259Z,"51 km S of Palekastro, Greece",earthquake,8.09,5.242,0.069,20,reviewed,us,us
2024-10-19T01:20:32.744Z,-56.1363,-27.9915,120.116,4.7,mb,38,96,5.207,0.76,us,us6000nzp2,2024-11-09T00:24:07.040Z,"South Sandwich Islands region",earthquake,12.48,8.67,0.086,41,reviewed,us,us
2024-10-19T00:43:37.416Z,-42.6139,-82.2238,10,5,mb,60,145,6.786,1.07,us,us6000nznv,2024-10-19T03:52:28.457Z,"West Chile Rise",earthquake,9.9,1.91,0.08,50,reviewed,us,us
2024-10-19T00:18:56.716Z,-18.9181,-172.6711,32.904,4.7,mb,25,100,2.601,1.15,us,us6000nznl,2024-10-19T00:36:55.040Z,"141 km ESE of Neiafu, Tonga",earthquake,11.33,6.742,0.126,19,reviewed,us,us
2024-10-18T14:49:59.476Z,25.4932,141.0794,146.065,4.5,mb,31,123,1.879,0.96,us,us6000nziy,2024-11-08T12:54:03.040Z,"Volcano Islands, Japan region",earthquake,12.25,2.407,0.097,31,reviewed,us,us
2024-10-18T10:26:15.917Z,15.9246,-94.7285,63.232,4.7,mb,46,160,2.516,1.23,us,us6000nzic,2024-10-22T14:22:19.753Z,"35 km SSW of San Francisco del Mar Viejo, Mexico",earthquake,9.12,9.84,0.055,100,reviewed,us,us
2024-10-18T09:18:22.191Z,25.249,142.7832,1.801,5.4,mww,95,84,1.916,0.86,us,us6000nzi5,2024-10-19T09:24:31.707Z,"Volcano Islands, Japan region",earthquake,8.88,4.49,0.059,28,reviewed,us,us
2024-10-18T07:17:17.481Z,12.1315,-89.1156,10,4.5,mb,53,173,1.538,0.74,us,us6000nzhn,2024-11-09T06:50:45.040Z,"141 km SSW of Puerto El Triunfo, El Salvador",earthquake,7.4,1.949,0.085,40,reviewed,us,us
2024-10-18T05:25:17.069Z,-7.4667,156.3264,10,5,mb,47,94,4.083,0.59,us,us6000nzhb,2024-11-09T06:12:38.040Z,"90 km NW of Gizo, Solomon Islands",earthquake,9.43,1.832,0.089,40,reviewed,us,us
2024-10-18T04:38:07.288Z,40.2403,142.2895,60.402,5.2,mww,113,120,1.083,0.68,us,us6000nzgv,2024-11-13T07:03:36.782Z,"42 km ENE of Noda, Japan",earthquake,6.71,5.237,0.089,12,reviewed,us,us
2024-10-18T01:41:59.064Z,-6.7981,155.1677,35,5,mb,47,61,3.956,0.86,us,us6000nzgl,2024-11-08T23:50:21.040Z,"63 km SSW of Panguna, Papua New Guinea",earthquake,9.8,1.848,0.06,88,reviewed,us,us
2024-10-18T00:58:27.459Z,43.6587,-125.752,4.633,5,mww,78,91,0.887,0.61,us,us6000nzg2,2024-11-12T01:08:36.618Z,"121 km WNW of Barview, Oregon",earthquake,4.71,3.772,0.038,68,reviewed,us,us
2024-10-18T00:37:07.960Z,38.4755,20.5148,54.2,4.5,mb,76,46,1.525,0.91,us,us6000nzfy,2024-11-13T05:09:24.040Z,"21 km NW of Itháki, Greece",earthquake,5.96,7.016,0.082,43,reviewed,us,us
2024-10-17T19:01:00.624Z,-18.8635,169.015,162.646,4.7,mb,44,123,4.009,0.72,us,us6000nzeg,2024-11-08T14:39:45.040Z,"80 km NNW of Isangel, Vanuatu",earthquake,10.68,6.495,0.08,47,reviewed,us,us
2024-10-17T18:17:35.005Z,-6.6173,72.6629,10,4.7,mb,62,105,0.817,0.43,us,us6000nzeb,2024-11-08T14:30:45.040Z,"Chagos Archipelago region",earthquake,7.56,1.854,0.077,51,reviewed,us,us
2024-10-17T16:33:54.860Z,-56.337,-27.1383,113.442,5,mb,54,85,5.722,0.6,us,us6000nzds,2024-11-07T19:22:55.040Z,"South Sandwich Islands region",earthquake,11.32,6.154,0.079,51,reviewed,us,us
2024-10-17T14:50:32.744Z,19.7131,-75.9796,17.589,4.6,mwr,75,52,0.486,0.81,us,us6000nzct,2024-11-07T16:48:27.094Z,"37 km S of El Cobre, Cuba",earthquake,3.27,3.866,0.071,19,reviewed,us,us
2024-10-17T11:36:41.879Z,-31.2729,-176.4431,10,4.8,mb,22,217,2.377,1.14,us,us6000nzbq,2024-10-17T12:26:27.040Z,"Kermadec Islands region",earthquake,13.92,1.995,0.128,19,reviewed,us,us
2024-10-17T11:18:22.055Z,-20.0702,-178.3152,610.537,5.4,mww,80,42,4.144,0.83,us,us6000nzbh,2024-10-18T11:21:19.208Z,"Fiji region",earthquake,11.44,7.948,0.098,10,reviewed,us,us
2024-10-17T10:33:46.355Z,-27.954,-176.5401,54.576,5,mb,66,43,1.774,1.15,us,us6000nzb2,2024-11-13T14:16:58.040Z,"Kermadec Islands region",earthquake,10.47,5.413,0.049,132,reviewed,us,us
2024-10-17T10:07:00.097Z,-27.9071,-176.3512,10,4.9,mb,38,121,1.924,0.72,us,us6000nzat,2024-11-13T14:06:10.040Z,"Kermadec Islands region",earthquake,9.39,1.871,0.063,79,reviewed,us,us
2024-10-17T09:58:04.340Z,5.9769,125.9122,147.032,4.6,mb,56,98,1.135,1,us,us6000nzar,2024-11-13T14:01:39.040Z,"25 km E of Mangili, Philippines",earthquake,7.27,6.916,0.078,49,reviewed,us,us
2024-10-17T08:29:57.397Z,39.6645,37.3551,8.824,4.5,mwr,70,45,0.942,0.57,us,us6000nza6,2024-11-12T07:49:17.393Z,"21 km S of Hafik, Turkey",earthquake,4.81,4.61,0.086,13,reviewed,us,us
2024-10-17T06:37:05.174Z,9.8693,142.4763,10,4.5,mb,31,134,4.377,0.7,us,us7000nq7s,2024-11-12T07:38:53.040Z,"214 km E of Fais, Micronesia",earthquake,12.48,1.933,0.124,19,reviewed,us,us
2024-10-17T05:37:32.728Z,-27.8263,-176.274,10,5.6,mww,77,71,2.029,0.58,us,us6000nz9e,2024-11-12T07:33:52.403Z,"Kermadec Islands region",earthquake,6.03,1.863,0.053,34,reviewed,us,us
2024-10-17T04:20:36.028Z,-31.2923,-176.8548,10,5.1,mww,94,69,2.224,0.72,us,us6000nz8w,2024-11-12T04:51:45.040Z,"Kermadec Islands region",earthquake,10.24,1.871,0.083,14,reviewed,us,us
2024-10-17T02:18:34.318Z,-14.0477,167.9479,10,5,mb,26,162,7.351,0.93,us,us6000nz8e,2024-10-17T07:18:36.763Z,"46 km ESE of Sola, Vanuatu",earthquake,7.05,1.948,0.13,19,reviewed,us,us
2024-10-17T01:28:44.129Z,-22.3873,-179.4303,580.294,4.8,mb,55,95,4.111,0.96,us,us6000nz84,2024-10-17T01:44:02.040Z,"south of the Fiji Islands",earthquake,13.61,10.864,0.1,31,reviewed,us,us
2024-10-17T01:01:20.183Z,-31.3191,-176.7166,10,5.2,mww,47,69,2.299,1.32,us,us6000nz7p,2024-10-17T01:55:57.040Z,"Kermadec Islands region",earthquake,9.69,1.875,0.073,18,reviewed,us,us
2024-10-17T00:45:48.803Z,-27.7315,-176.2675,10,4.5,mb,13,169,2.101,0.58,us,us7000nq7m,2024-11-13T05:54:07.040Z,"Kermadec Islands region",earthquake,7.98,1.934,0.18,9,reviewed,us,us
2024-10-16T23:00:31.304Z,-16.0167,-172.8403,10,4.6,mb,27,120,2.332,0.79,us,us7000nq1a,2024-11-13T04:53:11.040Z,"102 km E of Hihifo, Tonga",earthquake,6.74,1.895,0.126,19,reviewed,us,us
2024-10-16T22:56:01.089Z,-36.2053,-99.8345,10,4.5,mb,28,109,22.045,0.52,us,us7000nq19,2024-11-13T04:42:20.040Z,"southeast of Easter Island",earthquake,14.29,1.887,0.111,24,reviewed,us,us
2024-10-16T22:51:12.889Z,-19.1204,-173.5136,10,5.2,mb,123,65,2.584,0.8,us,us6000nz79,2024-11-13T04:34:08.040Z,"71 km SE of Neiafu, Tonga",earthquake,9.68,1.783,0.058,98,reviewed,us,us
2024-10-16T22:25:01.795Z,49.6324,-28.5722,10,5.1,mb,166,33,14.291,0.53,us,us6000nz75,2024-11-13T03:25:38.040Z,"northern Mid-Atlantic Ridge",earthquake,9.08,1.801,0.047,146,reviewed,us,us
2024-10-16T22:23:02.514Z,41.1386,78.5139,10,5.2,mb,193,73,0.795,0.8,us,us6000nz72,2024-11-11T06:25:21.983Z,"137 km W of Aykol, China",earthquake,4.73,1.726,0.046,155,reviewed,us,us
2024-10-16T22:04:48.380Z,2.1028,-79.7589,10,4.7,mb,64,139,1.216,0.75,us,us6000nz6y,2024-11-11T06:03:10.364Z,"112 km WNW of Tumaco, Colombia",earthquake,4.27,1.888,0.079,49,reviewed,us,us
2024-10-16T20:11:28.237Z,9.148,40.1287,10,4.6,mb,60,116,1.453,0.58,us,us6000nz6e,2024-11-06T21:45:49.216Z,"18 km NNW of Āwash, Ethiopia",earthquake,7.71,1.89,0.081,45,reviewed,us,us
2024-10-16T19:40:58.409Z,18.5195,-106.9505,10,5.9,mww,146,55,5.527,1.16,us,us6000nz5z,2024-11-05T16:59:00.731Z,"225 km SW of José María Morelos, Mexico",earthquake,9.55,1.825,0.052,36,reviewed,us,us
2024-10-16T18:59:39.232Z,-27.8499,-176.4086,10,5,mww,75,65,1.929,0.63,us,us6000nz5p,2024-11-05T17:24:51.040Z,"Kermadec Islands region",earthquake,10.39,1.761,0.098,10,reviewed,us,us
2024-10-16T18:56:51.147Z,36.5224,70.5681,205,5.9,mww,134,29,1.962,1.01,us,us6000nz5n,2024-11-06T22:34:23.873Z,"44 km SSW of Jurm, Afghanistan",earthquake,7.46,1.887,0.038,66,reviewed,us,us
2024-10-16T18:44:55.836Z,-31.1494,-176.8747,10,4.5,mb,21,204,2.088,0.76,us,us6000nz5l,2024-11-07T18:05:50.040Z,"Kermadec Islands region",earthquake,11.6,1.976,0.122,20,reviewed,us,us
2024-10-16T18:32:52.284Z,17.9959,120.0762,10,4.7,mww,125,42,4.888,0.69,us,us6000nz5j,2024-11-07T17:40:07.040Z,"40 km WNW of Pagsanahan Norte, Philippines",earthquake,8.3,1.764,0.098,10,reviewed,us,us
2024-10-16T17:11:00.719Z,-27.7855,-176.2936,10,5.1,mww,73,57,2.046,0.64,us,us6000nz4x,2024-11-06T22:08:39.040Z,"Kermadec Islands region",earthquake,11.62,1.777,0.093,11,reviewed,us,us
2024-10-16T16:15:36.252Z,29.044,139.3178,422.951,4.7,mb,104,74,3.191,0.69,us,us6000nz4a,2024-10-16T16:32:53.040Z,"Izu Islands, Japan region",earthquake,10.23,7.803,0.028,392,reviewed,us,us
2024-10-16T16:13:09.828Z,-23.6622,-179.9346,536.333,4.5,mb,48,73,5.133,1,us,us6000nz4c,2024-10-16T16:47:27.040Z,"south of the Fiji Islands",earthquake,12.91,9.18,0.083,42,reviewed,us,us
2024-10-16T15:04:02.907Z,-31.2625,-176.8306,10,5.1,mb,62,77,2.206,0.81,us,us6000nz35,2024-11-12T02:47:52.040Z,"Kermadec Islands region",earthquake,11.73,1.839,0.077,55,reviewed,us,us
2024-10-16T13:58:21.057Z,23.995,121.6717,35,4.8,mwr,130,30,0.191,0.65,us,us6000nz1z,2024-10-17T00:14:40.179Z,"7 km ENE of Hualien City, Taiwan",earthquake,3.92,1.805,0.063,24,reviewed,us,us
2024-10-16T12:38:24.981Z,-31.2439,-176.8106,10,4.6,mb,15,206,2.196,1.29,us,us7000nq0x,2024-11-12T07:21:59.040Z,"Kermadec Islands region",earthquake,9.78,1.994,0.158,12,reviewed,us,us
2024-10-16T12:19:44.647Z,-31.181,-177.0916,10,5.2,mb,56,88,2.043,0.71,us,us6000nz1u,2024-11-12T07:13:41.040Z,"Kermadec Islands region",earthquake,12.26,1.876,0.079,53,reviewed,us,us
2024-10-16T12:19:28.187Z,-31.2005,-177.1019,10,4.8,mb,30,131,2.058,0.89,us,us6000nz1f,2024-11-12T07:08:34.040Z,"Kermadec Islands region",earthquake,13.47,1.908,0.103,29,reviewed,us,us
2024-10-16T11:43:50.197Z,40.8131,84.2011,10,4.5,mb,36,112,4.317,1.17,us,us6000nz16,2024-11-12T07:04:37.040Z,"146 km SE of Kuqa, China",earthquake,10.44,1.959,0.125,19,reviewed,us,us
2024-10-16T09:40:00.216Z,52.6775,-163.4802,10,5.3,mww,214,167,1.964,0.53,us,us6000nz0p,2024-11-13T09:50:12.201Z,"222 km SE of Akutan, Alaska",earthquake,7,1.875,0.05,38,reviewed,us,us
2024-10-16T08:53:22.463Z,36.1367,139.8059,74.591,4.7,mb,50,115,1.351,1.13,us,us6000nyzs,2024-10-16T20:13:30.733Z,"4 km N of Sakai, Japan",earthquake,6.91,5.531,0.093,35,reviewed,us,us
2024-10-16T07:46:32.572Z,38.3136,38.8306,10,6,mww,138,39,0.379,0.85,us,us6000nyzk,2024-11-13T09:59:01.834Z,"17 km W of Doğanyol, Turkey",earthquake,4.19,1.774,0.042,55,reviewed,us,us
2024-10-16T05:58:03.169Z,-3.7226,151.955,10,4.8,mb,47,118,0.51,1.05,us,us6000nyz9,2024-11-13T09:30:20.040Z,"57 km NNW of Rabaul, Papua New Guinea",earthquake,7.17,1.894,0.091,37,reviewed,us,us
2024-10-16T05:06:01.436Z,18.4676,-112.7387,10,4.6,mb,82,177,8.456,1.25,us,us6000nyyx,2024-11-13T08:31:10.040Z,"Revilla Gigedo Islands region",earthquake,10.89,1.93,0.032,296,reviewed,us,us
2024-10-16T04:42:50.438Z,15.4006,-94.629,35,4.5,mb,52,163,2.554,0.73,us,us6000nyyt,2024-11-13T04:01:34.040Z,"91 km S of San Francisco del Mar Viejo, Mexico",earthquake,7.37,1.951,0.058,87,reviewed,us,us
2024-10-16T04:30:27.356Z,-31.2352,-176.8116,10,5.2,mb,66,115,2.188,0.61,us,us6000nyys,2024-11-13T03:43:27.040Z,"Kermadec Islands region",earthquake,8.92,1.81,0.072,63,reviewed,us,us
2024-10-16T03:41:13.766Z,19.1806,147.0699,10,5.1,mww,85,35,4.105,0.2,us,us6000nyyl,2024-11-13T03:51:19.686Z,"Mariana Islands region",earthquake,8.49,1.787,0.086,13,reviewed,us,us
2024-10-16T03:27:50.657Z,49.2485,157.578,10,4.5,mb,18,233,3.84,0.67,us,us7000nq0m,2024-11-13T03:21:34.040Z,"189 km SSE of Severo-Kuril’sk, Russia",earthquake,13.62,1.977,0.156,12,reviewed,us,us
2024-10-16T02:03:48.952Z,-11.1787,163.3083,10,4.8,mb,52,59,3.732,0.78,us,us6000nyy3,2024-11-13T03:11:36.040Z,"171 km ESE of Kirakira, Solomon Islands",earthquake,10.41,1.882,0.087,41,reviewed,us,us
2024-10-16T01:59:42.907Z,-4.885,142.0999,111.171,4.5,mb,30,134,2.736,0.74,us,us6000nyy2,2024-11-13T03:08:34.040Z,"108 km SW of Ambunti, Papua New Guinea",earthquake,11.12,8.063,0.104,27,reviewed,us,us
2024-10-15T23:49:36.177Z,18.3639,-106.8251,10,5.2,mww,188,146,3.911,0.9,us,us6000nyxu,2024-11-12T02:53:23.944Z,"225 km SW of José María Morelos, Mexico",earthquake,9.05,1.946,0.056,31,reviewed,us,us
2024-10-15T22:38:46.418Z,-29.4165,-177.1631,64.219,5,mb,38,132,0.679,0.69,us,us6000nyxh,2024-11-12T02:59:47.040Z,"Kermadec Islands, New Zealand",earthquake,11.01,6.007,0.097,34,reviewed,us,us
2024-10-15T20:42:32.589Z,-23.7942,-67.2259,250.695,4.6,mb,31,91,2.414,1.13,us,us6000nywx,2024-11-06T21:52:34.040Z,"103 km WNW of San Antonio de los Cobres, Argentina",earthquake,13.45,21.494,0.182,10,reviewed,us,us
2024-10-15T20:40:33.591Z,-9.8602,151.9052,10,5.3,mww,80,50,4.701,0.59,us,us6000nywy,2024-11-06T21:44:46.788Z,"159 km ENE of Samarai, Papua New Guinea",earthquake,8.38,1.744,0.069,20,reviewed,us,us
2024-10-15T19:51:31.126Z,-31.2618,-177.0255,10,5,mb,42,115,2.138,0.84,us,us6000nywq,2024-11-06T20:57:01.040Z,"Kermadec Islands region",earthquake,10.88,1.86,0.097,34,reviewed,us,us
2024-10-15T19:08:42.425Z,-60.6658,-25.2675,10,4.9,mb,43,86,8.792,0.66,us,us6000nywb,2024-11-06T20:27:35.040Z,"South Sandwich Islands region",earthquake,11.35,1.876,0.086,43,reviewed,us,us
2024-10-15T18:49:07.126Z,24.3396,125.5749,37.973,4.5,mb,42,177,1.223,0.86,us,us6000nyw7,2024-11-05T22:37:58.040Z,"56 km SSE of Miyakojima, Japan",earthquake,7.23,7.878,0.102,28,reviewed,us,us
2024-10-15T16:54:23.332Z,35.5487,28.742,40.171,4.8,mww,137,47,0.978,0.45,us,us6000nyvh,2024-10-15T18:51:16.341Z,"89 km SE of Lárdos, Greece",earthquake,5.2,4.445,0.089,12,reviewed,us,us
2024-10-15T15:49:40.214Z,-23.0131,-179.1091,397.521,4.5,mb,71,102,4.178,0.68,us,us6000nyv5,2024-11-09T23:09:21.040Z,"south of the Fiji Islands",earthquake,11.43,6.831,0.054,109,reviewed,us,us
2024-10-15T08:05:04.809Z,-24.2038,-179.6859,525.202,4.5,mb,45,73,5.192,0.73,us,us6000nysi,2024-11-13T08:20:53.040Z,"south of the Fiji Islands",earthquake,12.42,9.751,0.092,35,reviewed,us,us
2024-10-15T01:28:16.968Z,31.0974,143.0421,10,4.5,mb,29,158,3.399,0.45,us,us7000npvj,2024-11-04T22:52:16.040Z,"Izu Islands, Japan region",earthquake,10.41,1.924,0.131,17,reviewed,us,us
2024-10-15T00:10:49.978Z,10.3705,-86.3117,10,4.7,mb,91,178,1.087,0.99,us,us6000nyqq,2024-11-11T04:55:04.838Z,"52 km W of Tamarindo, Costa Rica",earthquake,4.09,1.324,0.065,71,reviewed,us,us
2024-10-14T23:42:51.698Z,8.7548,127.1148,9.724,4.5,mb,41,135,2.262,0.38,us,us6000nyqm,2024-11-08T03:49:53.040Z,"89 km E of Aras-asan, Philippines",earthquake,10.59,4.934,0.1,29,reviewed,us,us
2024-10-14T21:30:19.810Z,-3.2523,139.1898,10,4.5,mb,45,76,1.68,0.46,us,us6000nyq0,2024-11-08T02:35:11.040Z,"176 km WSW of Abepura, Indonesia",earthquake,9.21,1.865,0.085,41,reviewed,us,us
2024-10-14T16:01:26.392Z,-36.7174,177.1498,256.016,4.8,mb,51,69,1.251,0.77,us,us6000nymi,2024-11-04T21:03:00.040Z,"119 km ENE of Pauanui, New Zealand",earthquake,10.66,5.971,0.083,45,reviewed,us,us
